policy_number,policy_start_date,policy_end_date,plan_id,customer_id,daily_premium,insurance_coverage
Policy-0001,4/23/2018,4/23/2019,PLAN-00018,CUST_0001120,142,875288
Policy-0009,6/28/2018,6/27/2021,PLAN-00018,CUST_000170,142,740104
Policy-00046,3/8/2018,3/8/2019,PLAN-00018,CUST_0001063,142,795200
Policy-00059,8/18/2018,8/17/2021,PLAN-00018,CUST_0001013,142,842912
Policy-00079,3/22/2018,3/21/2021,PLAN-00018,CUST_0001000,142,847456
Policy-00080,4/10/2018,4/10/2019,PLAN-00018,CUST_000915,142,897440
Policy-00095,8/11/2018,8/11/2019,PLAN-00018,CUST_0001005,142,723632
Policy-000105,3/22/2018,3/22/2019,PLAN-00018,CUST_000147,142,930384
Policy-000131,1/6/2018,1/5/2021,PLAN-00018,CUST_000960,142,848592
Policy-000140,2/28/2018,2/27/2021,PLAN-00018,CUST_000763,142,883240
Policy-000261,3/3/2018,3/2/2021,PLAN-00018,CUST_000582,142,857112
Policy-000275,6/6/2018,6/5/2021,PLAN-00018,CUST_000515,142,778160
Policy-000301,2/15/2018,2/14/2021,PLAN-00018,CUST_0001185,142,916184
Policy-000313,5/14/2018,5/13/2021,PLAN-00018,CUST_000640,142,876424
Policy-000315,1/20/2018,1/20/2019,PLAN-00018,CUST_000718,142,957648
Policy-000325,9/4/2018,9/4/2019,PLAN-00018,CUST_000813,142,741240
Policy-000358,6/26/2018,6/26/2019,PLAN-00018,CUST_000689,142,750328
Policy-000381,1/18/2018,1/17/2021,PLAN-00018,CUST_000849,142,931520
Policy-000399,7/26/2018,7/26/2019,PLAN-00018,CUST_000160,142,759984
Policy-000449,8/6/2018,8/6/2019,PLAN-00018,CUST_000374,142,737264
Policy-000451,7/8/2018,7/8/2019,PLAN-00018,CUST_000613,142,769640
Policy-000466,7/5/2018,7/4/2021,PLAN-00018,CUST_000391,142,874720
Policy-000469,7/16/2018,7/15/2021,PLAN-00018,CUST_000404,142,805424
Policy-000474,7/16/2018,7/16/2019,PLAN-00018,CUST_000549,142,791224
Policy-000477,1/11/2018,1/11/2019,PLAN-00018,CUST_000570,142,855976
Policy-000506,6/14/2018,6/14/2019,PLAN-00018,CUST_000786,142,758848
Policy-000514,7/20/2018,7/19/2021,PLAN-00018,CUST_0001073,142,861656
Policy-000517,5/25/2018,5/25/2019,PLAN-00018,CUST_0001166,142,830984
Policy-000519,5/9/2018,5/9/2019,PLAN-00018,CUST_0001118,142,889488
Policy-000539,3/27/2018,3/26/2021,PLAN-00018,CUST_000402,142,813944
Policy-000587,4/6/2018,4/5/2021,PLAN-00018,CUST_0001023,142,855976
Policy-000651,5/5/2018,5/4/2021,PLAN-00018,CUST_00023,142,857680
Policy-000665,3/14/2018,3/13/2021,PLAN-00018,CUST_0001190,142,841208
Policy-000707,8/9/2018,8/9/2019,PLAN-00018,CUST_000796,142,834960
Policy-000717,1/19/2018,1/18/2021,PLAN-00018,CUST_000465,142,965600
Policy-000722,9/27/2018,9/27/2019,PLAN-00018,CUST_000816,142,678760
Policy-000734,4/1/2018,4/1/2019,PLAN-00018,CUST_000309,142,844616
Policy-000761,3/27/2018,3/27/2019,PLAN-00018,CUST_000199,142,922432
Policy-000782,2/19/2018,2/18/2021,PLAN-00018,CUST_000200,142,836096
Policy-000803,5/16/2018,5/16/2019,PLAN-00018,CUST_000572,142,778728
Policy-000804,5/2/2018,5/2/2019,PLAN-00018,CUST_000323,142,846888
Policy-000806,2/3/2018,2/2/2021,PLAN-00018,CUST_000586,142,874720
Policy-000811,8/8/2018,8/7/2021,PLAN-00018,CUST_000421,142,830984
Policy-000857,1/22/2018,1/21/2021,PLAN-00018,CUST_000827,142,959920
Policy-000908,5/18/2018,5/18/2019,PLAN-00018,CUST_000648,142,758280
Policy-000937,2/24/2018,2/23/2021,PLAN-00018,CUST_0001169,142,931520
Policy-000943,4/6/2018,4/5/2021,PLAN-00018,CUST_000881,142,896872
Policy-000945,5/16/2018,5/15/2021,PLAN-00018,CUST_000482,142,766232
Policy-000955,9/6/2018,9/6/2019,PLAN-00018,CUST_000782,142,819624
Policy-000972,2/20/2018,2/20/2019,PLAN-00018,CUST_0001188,142,931520
Policy-000978,9/18/2018,9/18/2019,PLAN-00018,CUST_0001210,142,748056
Policy-000983,2/12/2018,2/12/2019,PLAN-00018,CUST_000363,142,920160
Policy-000985,9/20/2018,9/19/2021,PLAN-00018,CUST_000341,142,713408
Policy-0001010,3/13/2018,3/13/2019,PLAN-00018,CUST_000494,142,793496
Policy-0001062,3/5/2018,3/4/2021,PLAN-00018,CUST_000554,142,818488
Policy-0001090,1/4/2018,1/4/2019,PLAN-00018,CUST_000924,142,966736
Policy-0001106,6/28/2018,6/28/2019,PLAN-00018,CUST_000162,142,763960
Policy-0001110,4/6/2018,4/6/2019,PLAN-00018,CUST_00015,142,822464
Policy-0001146,5/3/2018,5/2/2021,PLAN-00018,CUST_000174,142,836096
Policy-0001147,4/15/2018,4/14/2021,PLAN-00018,CUST_000420,142,875288
Policy-0001153,6/3/2018,6/2/2021,PLAN-00018,CUST_000246,142,774752
Policy-0001155,2/26/2018,2/25/2021,PLAN-00018,CUST_00034,142,850296
Policy-0001173,9/16/2018,9/16/2019,PLAN-00018,CUST_000754,142,777024
Policy-0001207,6/8/2018,6/7/2021,PLAN-00018,CUST_000957,142,787816
Policy-0002,8/8/2018,8/8/2019,PLAN-0001,CUST_000144,114,621072
Policy-00018,2/12/2018,2/11/2021,PLAN-0001,CUST_0001099,114,694032
Policy-00025,1/11/2018,1/10/2021,PLAN-0001,CUST_000728,114,732336
Policy-00093,1/13/2018,1/12/2021,PLAN-0001,CUST_000460,114,735984
Policy-000124,3/25/2018,3/24/2021,PLAN-0001,CUST_0001127,114,722304
Policy-000210,9/25/2018,9/25/2019,PLAN-0001,CUST_000853,114,565896
Policy-000244,6/19/2018,6/18/2021,PLAN-0001,CUST_000510,114,678984
Policy-000291,2/24/2018,2/24/2019,PLAN-0001,CUST_000979,114,747840
Policy-000309,1/1/2018,1/1/2019,PLAN-0001,CUST_00094,114,740088
Policy-000319,4/14/2018,4/14/2019,PLAN-0001,CUST_000694,114,646152
Policy-000372,7/12/2018,7/11/2021,PLAN-0001,CUST_000834,114,686736
Policy-000377,9/19/2018,9/19/2019,PLAN-0001,CUST_0001134,114,650256
Policy-000388,2/9/2018,2/9/2019,PLAN-0001,CUST_000326,114,691296
Policy-000410,6/18/2018,6/18/2019,PLAN-0001,CUST_000948,114,596448
Policy-000458,2/20/2018,2/19/2021,PLAN-0001,CUST_000462,114,757416
Policy-000460,7/13/2018,7/12/2021,PLAN-0001,CUST_000986,114,610584
Policy-000493,3/4/2018,3/4/2019,PLAN-0001,CUST_0001029,114,687648
Policy-000533,3/2/2018,3/2/2019,PLAN-0001,CUST_0001179,114,738720
Policy-000554,5/9/2018,5/9/2019,PLAN-0001,CUST_000459,114,719112
Policy-000602,8/2/2018,8/2/2019,PLAN-0001,CUST_000306,114,619704
Policy-000706,1/20/2018,1/19/2021,PLAN-0001,CUST_000673,114,669864
Policy-000720,8/10/2018,8/10/2019,PLAN-0001,CUST_000745,114,613320
Policy-000753,6/17/2018,6/16/2021,PLAN-0001,CUST_000377,114,709080
Policy-000763,7/14/2018,7/13/2021,PLAN-0001,CUST_000479,114,642048
Policy-000793,9/23/2018,9/23/2019,PLAN-0001,CUST_000518,114,596448
Policy-000830,9/18/2018,9/17/2021,PLAN-0001,CUST_0001216,114,592800
Policy-000854,8/25/2018,8/24/2021,PLAN-0001,CUST_0006,114,562248
Policy-000887,3/8/2018,3/8/2019,PLAN-0001,CUST_0001021,114,700416
Policy-000922,7/20/2018,7/20/2019,PLAN-0001,CUST_000568,114,612408
Policy-000942,4/12/2018,4/11/2021,PLAN-0001,CUST_000357,114,722760
Policy-000966,9/14/2018,9/13/2021,PLAN-0001,CUST_000474,114,655728
Policy-0001039,9/4/2018,9/4/2019,PLAN-0001,CUST_000680,114,671688
Policy-0001048,3/24/2018,3/24/2019,PLAN-0001,CUST_0001207,114,714552
Policy-0001057,5/5/2018,5/4/2021,PLAN-0001,CUST_000852,114,625632
Policy-0001077,2/17/2018,2/16/2021,PLAN-0001,CUST_000980,114,686280
Policy-0001086,3/10/2018,3/9/2021,PLAN-0001,CUST_0001104,114,649800
Policy-0001123,3/13/2018,3/13/2019,PLAN-0001,CUST_000953,114,646152
Policy-0001174,9/3/2018,9/2/2021,PLAN-0001,CUST_000138,114,616512
Policy-0001192,4/19/2018,4/18/2021,PLAN-0001,CUST_00093,114,637488
Policy-0003,5/20/2018,5/20/2019,PLAN-00020,CUST_00076,425,2614600
Policy-00010,9/1/2018,9/1/2019,PLAN-00020,CUST_00051,425,2303500
Policy-00029,6/11/2018,6/10/2021,PLAN-00020,CUST_00060,425,2453100
Policy-00090,1/16/2018,1/16/2019,PLAN-00020,CUST_000270,425,2558500
Policy-000146,7/9/2018,7/8/2021,PLAN-00020,CUST_000848,425,2431000
Policy-000167,7/4/2018,7/3/2021,PLAN-00020,CUST_000507,425,2555100
Policy-000174,2/3/2018,2/2/2021,PLAN-00020,CUST_000396,425,2825400
Policy-000181,6/23/2018,6/23/2019,PLAN-00020,CUST_000821,425,2604400
Policy-000183,7/19/2018,7/18/2021,PLAN-00020,CUST_000922,425,2210000
Policy-000184,4/2/2018,4/1/2021,PLAN-00020,CUST_000364,425,2786300
Policy-000192,9/8/2018,9/7/2021,PLAN-00020,CUST_000891,425,2434400
Policy-000196,8/11/2018,8/11/2019,PLAN-00020,CUST_000311,425,2279700
Policy-000226,5/25/2018,5/24/2021,PLAN-00020,CUST_00055,425,2429300
Policy-000232,8/14/2018,8/13/2021,PLAN-00020,CUST_000109,425,2410600
Policy-000246,9/8/2018,9/7/2021,PLAN-00020,CUST_000219,425,2126700
Policy-000251,4/11/2018,4/11/2019,PLAN-00020,CUST_000966,425,2335800
Policy-000254,2/18/2018,2/18/2019,PLAN-00020,CUST_000500,425,2675800
Policy-000280,4/4/2018,4/3/2021,PLAN-00020,CUST_000758,425,2363000
Policy-000294,1/4/2018,1/3/2021,PLAN-00020,CUST_000483,425,2752300
Policy-000297,3/1/2018,2/28/2021,PLAN-00020,CUST_00069,425,2553400
Policy-000321,6/24/2018,6/23/2021,PLAN-00020,CUST_000386,425,2405500
Policy-000361,3/1/2018,3/1/2019,PLAN-00020,CUST_000438,425,2449700
Policy-000438,1/6/2018,1/6/2019,PLAN-00020,CUST_000769,425,2558500
Policy-000453,7/23/2018,7/23/2019,PLAN-00020,CUST_000952,425,2194700
Policy-000461,5/26/2018,5/26/2019,PLAN-00020,CUST_000284,425,2368100
Policy-000479,4/19/2018,4/19/2019,PLAN-00020,CUST_000539,425,2386800
Policy-000490,8/15/2018,8/14/2021,PLAN-00020,CUST_000751,425,2232100
Policy-000507,8/1/2018,7/31/2021,PLAN-00020,CUST_000765,425,2563600
Policy-000523,4/8/2018,4/7/2021,PLAN-00020,CUST_000195,425,2718300
Policy-000536,1/9/2018,1/9/2019,PLAN-00020,CUST_0001209,425,2891700
Policy-000538,2/24/2018,2/24/2019,PLAN-00020,CUST_000692,425,2561900
Policy-000594,2/9/2018,2/8/2021,PLAN-00020,CUST_00052,425,2854300
Policy-000601,9/13/2018,9/12/2021,PLAN-00020,CUST_0001150,425,2257600
Policy-000603,6/24/2018,6/23/2021,PLAN-00020,CUST_000937,425,2189600
Policy-000622,3/6/2018,3/5/2021,PLAN-00020,CUST_0001062,425,2380000
Policy-000635,5/9/2018,5/8/2021,PLAN-00020,CUST_000766,425,2595900
Policy-000639,6/27/2018,6/26/2021,PLAN-00020,CUST_000976,425,2206600
Policy-000652,5/27/2018,5/26/2021,PLAN-00020,CUST_000824,425,2533000
Policy-000712,2/6/2018,2/5/2021,PLAN-00020,CUST_000655,425,2697900
Policy-000752,4/12/2018,4/12/2019,PLAN-00020,CUST_000920,425,2592500
Policy-000817,7/14/2018,7/13/2021,PLAN-00020,CUST_000373,425,2244000
Policy-000867,1/3/2018,1/3/2019,PLAN-00020,CUST_000990,425,2662200
Policy-000869,1/13/2018,1/13/2019,PLAN-00020,CUST_000662,425,2578900
Policy-000921,5/23/2018,5/22/2021,PLAN-00020,CUST_0001070,425,2645200
Policy-000957,3/23/2018,3/22/2021,PLAN-00020,CUST_000882,425,2738700
Policy-000975,4/27/2018,4/27/2019,PLAN-00020,CUST_000110,425,2550000
Policy-0001012,1/21/2018,1/21/2019,PLAN-00020,CUST_000909,425,2590800
Policy-0001035,9/18/2018,9/17/2021,PLAN-00020,CUST_000457,425,2157300
Policy-0001078,5/3/2018,5/2/2021,PLAN-00020,CUST_0001126,425,2602700
Policy-0001082,9/13/2018,9/13/2019,PLAN-00020,CUST_000879,425,2473500
Policy-0001105,9/3/2018,9/2/2021,PLAN-00020,CUST_000841,425,2194700
Policy-0001134,9/25/2018,9/24/2021,PLAN-00020,CUST_0001115,425,2398700
Policy-0001137,9/4/2018,9/3/2021,PLAN-00020,CUST_0001176,425,2323900
Policy-0001154,6/24/2018,6/23/2021,PLAN-00020,CUST_000775,425,2624800
Policy-0001160,3/22/2018,3/22/2019,PLAN-00020,CUST_000215,425,2378300
Policy-0001169,6/24/2018,6/23/2021,PLAN-00020,CUST_000348,425,2262700
Policy-0001170,1/9/2018,1/9/2019,PLAN-00020,CUST_000371,425,2482000
Policy-0001216,9/7/2018,9/7/2019,PLAN-00020,CUST_0003,425,2449700
Policy-0004,3/1/2018,3/1/2019,PLAN-0007,CUST_000723,303,1981620
Policy-00019,2/19/2018,2/19/2019,PLAN-0007,CUST_000188,303,1916172
Policy-00053,6/20/2018,6/19/2021,PLAN-0007,CUST_00077,303,1579236
Policy-00062,2/1/2018,1/31/2021,PLAN-0007,CUST_000670,303,2045856
Policy-00097,6/10/2018,6/9/2021,PLAN-0007,CUST_000100,303,1788912
Policy-000104,8/13/2018,8/13/2019,PLAN-0007,CUST_000595,303,1591356
Policy-000132,1/17/2018,1/17/2019,PLAN-0007,CUST_000654,303,2066460
Policy-000148,8/9/2018,8/9/2019,PLAN-0007,CUST_000132,303,1567116
Policy-000168,9/4/2018,9/4/2019,PLAN-0007,CUST_000408,303,1473792
Policy-000186,8/22/2018,8/22/2019,PLAN-0007,CUST_0001006,303,1512576
Policy-000195,7/12/2018,7/12/2019,PLAN-0007,CUST_000495,303,1854360
Policy-000228,4/4/2018,4/3/2021,PLAN-0007,CUST_000381,303,1985256
Policy-000234,9/19/2018,9/19/2019,PLAN-0007,CUST_0001206,303,1684680
Policy-000296,4/2/2018,4/2/2019,PLAN-0007,CUST_000280,303,1753764
Policy-000302,3/6/2018,3/6/2019,PLAN-0007,CUST_000166,303,2005860
Policy-000327,6/15/2018,6/14/2021,PLAN-0007,CUST_000609,303,1810728
Policy-000330,2/3/2018,2/2/2021,PLAN-0007,CUST_000458,303,1957380
Policy-000339,1/24/2018,1/23/2021,PLAN-0007,CUST_0001019,303,2011920
Policy-000371,8/22/2018,8/22/2019,PLAN-0007,CUST_000422,303,1525908
Policy-000409,1/10/2018,1/9/2021,PLAN-0007,CUST_000520,303,1828908
Policy-000412,1/5/2018,1/4/2021,PLAN-0007,CUST_00018,303,1974348
Policy-000447,9/9/2018,9/9/2019,PLAN-0007,CUST_00089,303,1723464
Policy-000476,2/15/2018,2/14/2021,PLAN-0007,CUST_000700,303,1736796
Policy-000491,2/18/2018,2/17/2021,PLAN-0007,CUST_000248,303,1987680
Policy-000497,7/11/2018,7/10/2021,PLAN-0007,CUST_000131,303,1562268
Policy-000503,3/11/2018,3/10/2021,PLAN-0007,CUST_000947,303,1750128
Policy-000535,8/4/2018,8/4/2019,PLAN-0007,CUST_000660,303,1833756
Policy-000544,1/6/2018,1/5/2021,PLAN-0007,CUST_000299,303,1873752
Policy-000550,1/24/2018,1/23/2021,PLAN-0007,CUST_000804,303,1747704
Policy-000596,4/15/2018,4/14/2021,PLAN-0007,CUST_000887,303,1837392
Policy-000631,6/24/2018,6/24/2019,PLAN-0007,CUST_000296,303,1843452
Policy-000699,1/23/2018,1/23/2019,PLAN-0007,CUST_000962,303,1942836
Policy-000710,1/23/2018,1/22/2021,PLAN-0007,CUST_000380,303,1818000
Policy-000805,8/22/2018,8/22/2019,PLAN-0007,CUST_000425,303,1528332
Policy-000820,8/17/2018,8/16/2021,PLAN-0007,CUST_000139,303,1496820
Policy-000824,8/24/2018,8/24/2019,PLAN-0007,CUST_000334,303,1699224
Policy-000837,8/9/2018,8/9/2019,PLAN-0007,CUST_000592,303,1819212
Policy-000890,8/2/2018,8/2/2019,PLAN-0007,CUST_00010,303,1668924
Policy-000904,3/15/2018,3/15/2019,PLAN-0007,CUST_000232,303,1688316
Policy-000919,2/3/2018,2/3/2019,PLAN-0007,CUST_000235,303,1744068
Policy-000932,1/26/2018,1/25/2021,PLAN-0007,CUST_000988,303,1930716
Policy-000952,1/18/2018,1/17/2021,PLAN-0007,CUST_000903,303,1833756
Policy-000954,3/12/2018,3/12/2019,PLAN-0007,CUST_00081,303,1841028
Policy-000979,3/25/2018,3/25/2019,PLAN-0007,CUST_000833,303,1882236
Policy-000986,3/4/2018,3/3/2021,PLAN-0007,CUST_000606,303,2004648
Policy-000996,3/8/2018,3/8/2019,PLAN-0007,CUST_000413,303,1847088
Policy-0001046,8/16/2018,8/15/2021,PLAN-0007,CUST_0001180,303,1683468
Policy-0001073,2/13/2018,2/13/2019,PLAN-0007,CUST_0001155,303,1725888
Policy-0001200,8/2/2018,8/1/2021,PLAN-0007,CUST_000872,303,1610748
Policy-0005,1/4/2018,1/4/2019,PLAN-00013,CUST_000727,451,3052368
Policy-0007,6/12/2018,6/12/2019,PLAN-00013,CUST_000116,451,2684352
Policy-00011,6/25/2018,6/24/2021,PLAN-00013,CUST_000584,451,2435400
Policy-00020,7/24/2018,7/23/2021,PLAN-00013,CUST_000601,451,2484108
Policy-00022,8/2/2018,8/1/2021,PLAN-00013,CUST_000366,451,2390300
Policy-00027,2/13/2018,2/12/2021,PLAN-00013,CUST_0001085,451,2796200
Policy-00044,9/17/2018,9/17/2019,PLAN-00013,CUST_000471,451,2523796
Policy-00050,3/21/2018,3/20/2021,PLAN-00013,CUST_000152,451,2696980
Policy-00056,6/14/2018,6/14/2019,PLAN-00013,CUST_000652,451,2686156
Policy-00065,2/17/2018,2/17/2019,PLAN-00013,CUST_000148,451,2805220
Policy-00068,8/1/2018,7/31/2021,PLAN-00013,CUST_000683,451,2318140
Policy-00078,9/17/2018,9/16/2021,PLAN-00013,CUST_000263,451,2384888
Policy-00081,2/28/2018,2/27/2021,PLAN-00013,CUST_000173,451,2826868
Policy-00083,2/5/2018,2/5/2019,PLAN-00013,CUST_000101,451,2758316
Policy-00088,2/16/2018,2/15/2021,PLAN-00013,CUST_000722,451,2563484
Policy-000114,2/6/2018,2/6/2019,PLAN-00013,CUST_000349,451,3036132
Policy-000136,5/12/2018,5/12/2019,PLAN-00013,CUST_000971,451,2402928
Policy-000164,9/12/2018,9/12/2019,PLAN-00013,CUST_0001137,451,2624820
Policy-000201,1/28/2018,1/28/2019,PLAN-00013,CUST_000241,451,2998248
Policy-000213,5/19/2018,5/18/2021,PLAN-00013,CUST_000741,451,2715020
Policy-000259,9/22/2018,9/21/2021,PLAN-00013,CUST_000675,451,2420968
Policy-000276,3/7/2018,3/6/2021,PLAN-00013,CUST_000526,451,2920676
Policy-000281,8/21/2018,8/21/2019,PLAN-00013,CUST_000596,451,2662704
Policy-000283,1/24/2018,1/23/2021,PLAN-00013,CUST_000382,451,2985620
Policy-000290,3/10/2018,3/10/2019,PLAN-00013,CUST_000702,451,2805220
Policy-000322,4/14/2018,4/13/2021,PLAN-00013,CUST_00042,451,2588740
Policy-000334,9/18/2018,9/17/2021,PLAN-00013,CUST_00021,451,2415556
Policy-000353,6/2/2018,6/1/2021,PLAN-00013,CUST_000707,451,2368652
Policy-000360,5/8/2018,5/8/2019,PLAN-00013,CUST_000339,451,2756512
Policy-000365,2/20/2018,2/19/2021,PLAN-00013,CUST_000945,451,2729452
Policy-000378,1/23/2018,1/23/2019,PLAN-00013,CUST_000726,451,2606780
Policy-000396,9/23/2018,9/23/2019,PLAN-00013,CUST_000369,451,2529208
Policy-000431,4/11/2018,4/10/2021,PLAN-00013,CUST_000335,451,2686156
Policy-000452,4/11/2018,4/11/2019,PLAN-00013,CUST_000485,451,2502148
Policy-000512,9/28/2018,9/27/2021,PLAN-00013,CUST_000399,451,2628428
Policy-000560,4/20/2018,4/20/2019,PLAN-00013,CUST_000107,451,2592348
Policy-000574,2/4/2018,2/4/2019,PLAN-00013,CUST_00073,451,2706000
Policy-000610,4/23/2018,4/23/2019,PLAN-00013,CUST_000208,451,2767336
Policy-000611,7/20/2018,7/19/2021,PLAN-00013,CUST_000591,451,2632036
Policy-000629,8/17/2018,8/17/2019,PLAN-00013,CUST_000356,451,2296492
Policy-000661,9/8/2018,9/7/2021,PLAN-00013,CUST_000623,451,2375868
Policy-000669,7/18/2018,7/17/2021,PLAN-00013,CUST_000118,451,2408340
Policy-000686,1/15/2018,1/15/2019,PLAN-00013,CUST_000993,451,3059584
Policy-000702,6/2/2018,6/2/2019,PLAN-00013,CUST_000637,451,2545444
Policy-000703,9/28/2018,9/28/2019,PLAN-00013,CUST_000259,451,2278452
Policy-000737,1/26/2018,1/25/2021,PLAN-00013,CUST_000390,451,2985620
Policy-000744,3/1/2018,3/1/2019,PLAN-00013,CUST_0001111,451,2949540
Policy-000751,9/19/2018,9/18/2021,PLAN-00013,CUST_000759,451,2406536
Policy-000757,4/8/2018,4/7/2021,PLAN-00013,CUST_000627,451,2531012
Policy-000760,8/2/2018,8/1/2021,PLAN-00013,CUST_000544,451,2282060
Policy-000767,4/12/2018,4/12/2019,PLAN-00013,CUST_000657,451,2541836
Policy-000778,1/21/2018,1/21/2019,PLAN-00013,CUST_000864,451,3075820
Policy-000788,7/23/2018,7/23/2019,PLAN-00013,CUST_000432,451,2503952
Policy-000876,5/2/2018,5/1/2021,PLAN-00013,CUST_0001102,451,2601368
Policy-000882,5/6/2018,5/5/2021,PLAN-00013,CUST_000538,451,2875576
Policy-000889,2/4/2018,2/3/2021,PLAN-00013,CUST_000943,451,2650076
Policy-000893,3/5/2018,3/4/2021,PLAN-00013,CUST_000690,451,2992836
Policy-000898,2/7/2018,2/6/2021,PLAN-00013,CUST_0001202,451,2704196
Policy-0001019,3/5/2018,3/5/2019,PLAN-00013,CUST_000895,451,2942324
Policy-0001054,8/10/2018,8/9/2021,PLAN-00013,CUST_0001108,451,2439008
Policy-0001088,5/26/2018,5/25/2021,PLAN-00013,CUST_0001008,451,2819652
Policy-0001100,4/1/2018,4/1/2019,PLAN-00013,CUST_000797,451,2482304
Policy-0001124,1/26/2018,1/26/2019,PLAN-00013,CUST_000142,451,2778160
Policy-0001156,8/15/2018,8/14/2021,PLAN-00013,CUST_000488,451,2227940
Policy-0001183,5/8/2018,5/8/2019,PLAN-00013,CUST_0001191,451,2484108
Policy-0006,2/28/2018,2/28/2019,PLAN-0003,CUST_0007,242,1480072
Policy-00061,3/18/2018,3/17/2021,PLAN-0003,CUST_000154,242,1477168
Policy-000108,7/6/2018,7/5/2021,PLAN-0003,CUST_000204,242,1306800
Policy-000152,9/10/2018,9/9/2021,PLAN-0003,CUST_000529,242,1276792
Policy-000202,4/7/2018,4/7/2019,PLAN-0003,CUST_000206,242,1499432
Policy-000243,5/14/2018,5/13/2021,PLAN-0003,CUST_000282,242,1431672
Policy-000255,9/15/2018,9/15/2019,PLAN-0003,CUST_000625,242,1265176
Policy-000273,7/9/2018,7/8/2021,PLAN-0003,CUST_000939,242,1383272
Policy-000312,9/19/2018,9/18/2021,PLAN-0003,CUST_000585,242,1178056
Policy-000314,1/13/2018,1/12/2021,PLAN-0003,CUST_000331,242,1515888
Policy-000320,5/19/2018,5/19/2019,PLAN-0003,CUST_0001015,242,1389080
Policy-000349,6/20/2018,6/20/2019,PLAN-0003,CUST_0001177,242,1350360
Policy-000369,4/15/2018,4/15/2019,PLAN-0003,CUST_000228,242,1513952
Policy-000375,2/19/2018,2/18/2021,PLAN-0003,CUST_000857,242,1469424
Policy-000390,5/7/2018,5/6/2021,PLAN-0003,CUST_000659,242,1422960
Policy-000408,7/17/2018,7/17/2019,PLAN-0003,CUST_0001002,242,1248720
Policy-000417,4/25/2018,4/24/2021,PLAN-0003,CUST_000175,242,1532344
Policy-000440,6/16/2018,6/16/2019,PLAN-0003,CUST_000217,242,1421024
Policy-000480,4/27/2018,4/26/2021,PLAN-0003,CUST_000542,242,1528472
Policy-000528,6/14/2018,6/14/2019,PLAN-0003,CUST_000180,242,1431672
Policy-000543,4/14/2018,4/14/2019,PLAN-0003,CUST_0001148,242,1314544
Policy-000567,8/28/2018,8/27/2021,PLAN-0003,CUST_0001092,242,1313576
Policy-000578,8/10/2018,8/10/2019,PLAN-0003,CUST_000854,242,1236136
Policy-000584,1/20/2018,1/20/2019,PLAN-0003,CUST_000611,242,1512016
Policy-000620,9/8/2018,9/7/2021,PLAN-0003,CUST_000743,242,1272920
Policy-000638,7/11/2018,7/11/2019,PLAN-0003,CUST_000530,242,1458776
Policy-000640,1/16/2018,1/15/2021,PLAN-0003,CUST_000779,242,1475232
Policy-000658,9/4/2018,9/3/2021,PLAN-0003,CUST_000847,242,1337776
Policy-000659,1/28/2018,1/27/2021,PLAN-0003,CUST_000359,242,1424896
Policy-000666,7/24/2018,7/24/2019,PLAN-0003,CUST_000936,242,1370688
Policy-000682,8/18/2018,8/18/2019,PLAN-0003,CUST_000434,242,1192576
Policy-000704,1/2/2018,1/1/2021,PLAN-0003,CUST_00025,242,1568160
Policy-000709,1/22/2018,1/21/2021,PLAN-0003,CUST_0001043,242,1653344
Policy-000713,7/6/2018,7/5/2021,PLAN-0003,CUST_0001182,242,1427800
Policy-000714,1/2/2018,1/1/2021,PLAN-0003,CUST_000305,242,1633016
Policy-000715,6/15/2018,6/14/2021,PLAN-0003,CUST_000752,242,1512016
Policy-000716,5/23/2018,5/22/2021,PLAN-0003,CUST_00019,242,1444256
Policy-000740,9/13/2018,9/12/2021,PLAN-0003,CUST_000213,242,1297120
Policy-000741,2/28/2018,2/28/2019,PLAN-0003,CUST_000604,242,1469424
Policy-000785,7/21/2018,7/21/2019,PLAN-0003,CUST_000486,242,1266144
Policy-000790,1/17/2018,1/17/2019,PLAN-0003,CUST_000250,242,1562352
Policy-000841,2/15/2018,2/15/2019,PLAN-0003,CUST_000467,242,1417152
Policy-000905,9/14/2018,9/14/2019,PLAN-0003,CUST_000525,242,1189672
Policy-000907,5/25/2018,5/25/2019,PLAN-0003,CUST_000288,242,1284536
Policy-000982,1/5/2018,1/5/2019,PLAN-0003,CUST_0001130,242,1546864
Policy-000997,6/1/2018,5/31/2021,PLAN-0003,CUST_000261,242,1449096
Policy-0001008,2/2/2018,2/2/2019,PLAN-0003,CUST_000149,242,1541056
Policy-0001009,8/7/2018,8/6/2021,PLAN-0003,CUST_000711,242,1394888
Policy-0001028,2/27/2018,2/26/2021,PLAN-0003,CUST_000573,242,1480072
Policy-0001037,1/21/2018,1/20/2021,PLAN-0003,CUST_0001160,242,1590424
Policy-0001051,6/20/2018,6/19/2021,PLAN-0003,CUST_000869,242,1357136
Policy-0001052,2/11/2018,2/11/2019,PLAN-0003,CUST_000605,242,1379400
Policy-0001069,2/28/2018,2/27/2021,PLAN-0003,CUST_000478,242,1614624
Policy-0001112,6/17/2018,6/16/2021,PLAN-0003,CUST_000992,242,1494592
Policy-0001117,1/17/2018,1/17/2019,PLAN-0003,CUST_0001147,242,1402632
Policy-0001132,9/2/2018,9/1/2021,PLAN-0003,CUST_000621,242,1358104
Policy-0001143,5/15/2018,5/14/2021,PLAN-0003,CUST_000423,242,1393920
Policy-0001159,8/20/2018,8/19/2021,PLAN-0003,CUST_000225,242,1227424
Policy-0001172,4/19/2018,4/18/2021,PLAN-0003,CUST_000850,242,1312608
Policy-0001178,2/7/2018,2/7/2019,PLAN-0003,CUST_0001050,242,1398760
Policy-0001181,1/26/2018,1/26/2019,PLAN-0003,CUST_0001141,242,1390048
Policy-0001195,8/8/2018,8/8/2019,PLAN-0003,CUST_000682,242,1391984
Policy-0001202,1/28/2018,1/27/2021,PLAN-0003,CUST_000251,242,1581712
Policy-0001204,2/26/2018,2/26/2019,PLAN-0003,CUST_00013,242,1454904
Policy-0008,4/21/2018,4/20/2021,PLAN-0006,CUST_0001079,382,2270608
Policy-00041,6/5/2018,6/4/2021,PLAN-0006,CUST_000862,382,2139200
Policy-00048,4/20/2018,4/19/2021,PLAN-0006,CUST_000767,382,2142256
Policy-00077,5/2/2018,5/2/2019,PLAN-0006,CUST_000629,382,2053632
Policy-000117,7/5/2018,7/4/2021,PLAN-0006,CUST_000563,382,2288944
Policy-000143,4/13/2018,4/13/2019,PLAN-0006,CUST_000253,382,2177400
Policy-000153,9/10/2018,9/9/2021,PLAN-0006,CUST_000172,382,2226296
Policy-000154,8/3/2018,8/3/2019,PLAN-0006,CUST_000556,382,2003208
Policy-000169,6/17/2018,6/16/2021,PLAN-0006,CUST_00041,382,2044464
Policy-000194,9/7/2018,9/7/2019,PLAN-0006,CUST_000815,382,2036824
Policy-000214,4/2/2018,4/1/2021,PLAN-0006,CUST_000576,382,2233936
Policy-000230,2/15/2018,2/15/2019,PLAN-0006,CUST_000453,382,2266024
Policy-000262,8/25/2018,8/25/2019,PLAN-0006,CUST_000491,382,1906944
Policy-000263,6/25/2018,6/24/2021,PLAN-0006,CUST_000179,382,2126976
Policy-000279,6/4/2018,6/4/2019,PLAN-0006,CUST_000519,382,2308808
Policy-000337,6/6/2018,6/5/2021,PLAN-0006,CUST_000664,382,2230880
Policy-000351,7/9/2018,7/9/2019,PLAN-0006,CUST_000776,382,1983344
Policy-000354,4/24/2018,4/24/2019,PLAN-0006,CUST_000189,382,2076552
Policy-000357,7/12/2018,7/12/2019,PLAN-0006,CUST_0001061,382,2209488
Policy-000374,5/23/2018,5/22/2021,PLAN-0006,CUST_000497,382,2023072
Policy-000391,8/9/2018,8/9/2019,PLAN-0006,CUST_000710,382,2085720
Policy-000432,9/28/2018,9/28/2019,PLAN-0006,CUST_000269,382,2126976
Policy-000433,5/11/2018,5/11/2019,PLAN-0006,CUST_000239,382,2087248
Policy-000442,4/22/2018,4/22/2019,PLAN-0006,CUST_000866,382,2071968
Policy-000443,3/14/2018,3/14/2019,PLAN-0006,CUST_000842,382,2140728
Policy-000472,6/28/2018,6/27/2021,PLAN-0006,CUST_000860,382,1998624
Policy-000489,3/18/2018,3/18/2019,PLAN-0006,CUST_000969,382,2457024
Policy-000509,1/13/2018,1/12/2021,PLAN-0006,CUST_000194,382,2377568
Policy-000547,4/6/2018,4/5/2021,PLAN-0006,CUST_000439,382,2333256
Policy-000557,4/9/2018,4/9/2019,PLAN-0006,CUST_000303,382,2177400
Policy-000570,2/13/2018,2/13/2019,PLAN-0006,CUST_000240,382,2470776
Policy-000580,3/4/2018,3/3/2021,PLAN-0006,CUST_000247,382,2218656
Policy-000590,8/11/2018,8/11/2019,PLAN-0006,CUST_000266,382,2123920
Policy-000604,5/24/2018,5/24/2019,PLAN-0006,CUST_000608,382,2420352
Policy-000625,8/7/2018,8/7/2019,PLAN-0006,CUST_000955,382,2262968
Policy-000687,2/20/2018,2/19/2021,PLAN-0006,CUST_000548,382,2493696
Policy-000697,7/2/2018,7/1/2021,PLAN-0006,CUST_000650,382,2221712
Policy-000742,3/13/2018,3/13/2019,PLAN-0006,CUST_000735,382,2385208
Policy-000749,6/24/2018,6/23/2021,PLAN-0006,CUST_000823,382,1995568
Policy-000779,5/7/2018,5/7/2019,PLAN-0006,CUST_0001093,382,2405072
Policy-000798,2/20/2018,2/20/2019,PLAN-0006,CUST_000481,382,2426464
Policy-000808,6/15/2018,6/15/2019,PLAN-0006,CUST_000750,382,2068912
Policy-000828,5/8/2018,5/7/2021,PLAN-0006,CUST_000445,382,2334784
Policy-000833,5/8/2018,5/7/2021,PLAN-0006,CUST_0001140,382,2192680
Policy-000835,6/2/2018,6/1/2021,PLAN-0006,CUST_0001186,382,2360760
Policy-000880,5/13/2018,5/13/2019,PLAN-0006,CUST_000521,382,2227824
Policy-000915,8/1/2018,8/1/2019,PLAN-0006,CUST_000787,382,2145312
Policy-000928,4/5/2018,4/5/2019,PLAN-0006,CUST_000835,382,2483000
Policy-000958,9/27/2018,9/26/2021,PLAN-0006,CUST_000757,382,2139200
Policy-000993,2/11/2018,2/10/2021,PLAN-0006,CUST_000641,382,2192680
Policy-000998,3/14/2018,3/13/2021,PLAN-0006,CUST_000456,382,2272136
Policy-0001036,4/14/2018,4/14/2019,PLAN-0006,CUST_000840,382,2166704
Policy-0001055,1/3/2018,1/2/2021,PLAN-0006,CUST_000983,382,2466192
Policy-0001067,3/13/2018,3/12/2021,PLAN-0006,CUST_000944,382,2475360
Policy-0001070,5/27/2018,5/27/2019,PLAN-0006,CUST_0001052,382,2122392
Policy-0001085,7/10/2018,7/10/2019,PLAN-0006,CUST_0001196,382,2270608
Policy-0001089,3/7/2018,3/7/2019,PLAN-0006,CUST_000407,382,2493696
Policy-0001125,5/5/2018,5/4/2021,PLAN-0006,CUST_000961,382,2295056
Policy-0001140,1/18/2018,1/17/2021,PLAN-0006,CUST_0001144,382,2580792
Policy-0001167,2/2/2018,2/2/2019,PLAN-0006,CUST_000954,382,2236992
Policy-0001175,9/18/2018,9/18/2019,PLAN-0006,CUST_000537,382,1905416
Policy-0001188,4/18/2018,4/18/2019,PLAN-0006,CUST_000772,382,2188096
Policy-0001206,4/24/2018,4/24/2019,PLAN-0006,CUST_000738,382,2156008
Policy-0001209,1/17/2018,1/16/2021,PLAN-0006,CUST_000777,382,2501336
Policy-00012,2/15/2018,2/15/2019,PLAN-0002,CUST_0001135,257,1595456
Policy-00037,3/26/2018,3/25/2021,PLAN-0002,CUST_0001067,257,1608820
Policy-00045,4/11/2018,4/11/2019,PLAN-0002,CUST_000185,257,1611904
Policy-00051,8/1/2018,8/1/2019,PLAN-0002,CUST_000531,257,1322008
Policy-00091,4/24/2018,4/23/2021,PLAN-0002,CUST_000476,257,1549196
Policy-000109,7/5/2018,7/4/2021,PLAN-0002,CUST_000812,257,1418640
Policy-000120,7/13/2018,7/12/2021,PLAN-0002,CUST_000352,257,1386772
Policy-000138,8/24/2018,8/23/2021,PLAN-0002,CUST_000562,257,1497796
Policy-000151,5/21/2018,5/20/2021,PLAN-0002,CUST_0001095,257,1455648
Policy-000166,2/27/2018,2/27/2019,PLAN-0002,CUST_000593,257,1600596
Policy-000225,4/27/2018,4/26/2021,PLAN-0002,CUST_000307,257,1416584
Policy-000236,6/25/2018,6/24/2021,PLAN-0002,CUST_0001103,257,1567700
Policy-000245,5/16/2018,5/15/2021,PLAN-0002,CUST_000498,257,1586204
Policy-000269,4/25/2018,4/24/2021,PLAN-0002,CUST_000117,257,1554336
Policy-000299,6/19/2018,6/18/2021,PLAN-0002,CUST_000167,257,1439200
Policy-000305,9/17/2018,9/17/2019,PLAN-0002,CUST_000283,257,1449480
Policy-000306,1/3/2018,1/2/2021,PLAN-0002,CUST_0001031,257,1707508
Policy-000323,5/3/2018,5/3/2019,PLAN-0002,CUST_000104,257,1618072
Policy-000340,6/22/2018,6/22/2019,PLAN-0002,CUST_0001009,257,1582092
Policy-000344,4/9/2018,4/9/2019,PLAN-0002,CUST_000362,257,1451536
Policy-000355,3/23/2018,3/22/2021,PLAN-0002,CUST_000755,257,1472096
Policy-000363,6/17/2018,6/16/2021,PLAN-0002,CUST_000942,257,1519384
Policy-000411,5/11/2018,5/10/2021,PLAN-0002,CUST_000450,257,1373408
Policy-000416,9/28/2018,9/27/2021,PLAN-0002,CUST_000685,257,1281916
Policy-000420,4/12/2018,4/12/2019,PLAN-0002,CUST_000885,257,1604708
Policy-000430,5/1/2018,5/1/2019,PLAN-0002,CUST_000908,257,1584148
Policy-000464,1/2/2018,1/1/2021,PLAN-0002,CUST_000746,257,1585176
Policy-000481,5/17/2018,5/17/2019,PLAN-0002,CUST_00046,257,1630408
Policy-000487,6/17/2018,6/16/2021,PLAN-0002,CUST_000951,257,1386772
Policy-000492,6/24/2018,6/23/2021,PLAN-0002,CUST_000325,257,1426864
Policy-000522,9/3/2018,9/3/2019,PLAN-0002,CUST_000730,257,1275748
Policy-000546,4/27/2018,4/27/2019,PLAN-0002,CUST_000800,257,1628352
Policy-000551,1/7/2018,1/7/2019,PLAN-0002,CUST_0001091,257,1528636
Policy-000571,3/1/2018,3/1/2019,PLAN-0002,CUST_000843,257,1624240
Policy-000579,1/2/2018,1/2/2019,PLAN-0002,CUST_000783,257,1645828
Policy-000583,3/2/2018,3/2/2019,PLAN-0002,CUST_000790,257,1684892
Policy-000593,2/25/2018,2/24/2021,PLAN-0002,CUST_000108,257,1594428
Policy-000598,9/22/2018,9/21/2021,PLAN-0002,CUST_00027,257,1417612
Policy-000623,1/21/2018,1/21/2019,PLAN-0002,CUST_000375,257,1622184
Policy-000627,3/11/2018,3/11/2019,PLAN-0002,CUST_000729,257,1530692
Policy-000633,1/1/2018,1/1/2019,PLAN-0002,CUST_0004,257,1504992
Policy-000688,1/17/2018,1/16/2021,PLAN-0002,CUST_000286,257,1600596
Policy-000711,5/16/2018,5/15/2021,PLAN-0002,CUST_000388,257,1464900
Policy-000745,7/18/2018,7/17/2021,PLAN-0002,CUST_000370,257,1398080
Policy-000747,3/16/2018,3/15/2021,PLAN-0002,CUST_000304,257,1453592
Policy-000750,1/3/2018,1/2/2021,PLAN-0002,CUST_000706,257,1520412
Policy-000774,7/19/2018,7/18/2021,PLAN-0002,CUST_000560,257,1435088
Policy-000775,8/6/2018,8/6/2019,PLAN-0002,CUST_0001083,257,1349764
Policy-000795,3/24/2018,3/24/2019,PLAN-0002,CUST_000946,257,1491628
Policy-000812,8/13/2018,8/12/2021,PLAN-0002,CUST_0001071,257,1515272
Policy-000821,5/13/2018,5/13/2019,PLAN-0002,CUST_000715,257,1437144
Policy-000842,4/5/2018,4/5/2019,PLAN-0002,CUST_000511,257,1537888
Policy-000897,8/21/2018,8/20/2021,PLAN-0002,CUST_000911,257,1419668
Policy-000925,6/25/2018,6/24/2021,PLAN-0002,CUST_00022,257,1594428
Policy-000926,8/24/2018,8/24/2019,PLAN-0002,CUST_000133,257,1470040
Policy-000969,3/11/2018,3/11/2019,PLAN-0002,CUST_0001022,257,1561532
Policy-000974,1/26/2018,1/25/2021,PLAN-0002,CUST_000666,257,1719844
Policy-000981,6/14/2018,6/13/2021,PLAN-0002,CUST_000372,257,1396024
Policy-000994,7/9/2018,7/8/2021,PLAN-0002,CUST_0001030,257,1513216
Policy-0001034,6/20/2018,6/19/2021,PLAN-0002,CUST_00091,257,1461816
Policy-0001040,8/7/2018,8/6/2021,PLAN-0002,CUST_000668,257,1553308
Policy-0001076,9/27/2018,9/26/2021,PLAN-0002,CUST_000264,257,1276776
Policy-0001087,3/10/2018,3/10/2019,PLAN-0002,CUST_000638,257,1552280
Policy-0001122,6/9/2018,6/9/2019,PLAN-0002,CUST_000646,257,1425836
Policy-0001164,3/16/2018,3/15/2021,PLAN-0002,CUST_000329,257,1488544
Policy-0001165,7/22/2018,7/22/2019,PLAN-0002,CUST_000347,257,1555364
Policy-0001168,6/28/2018,6/27/2021,PLAN-0002,CUST_0001125,257,1570784
Policy-0001171,8/15/2018,8/14/2021,PLAN-0002,CUST_0001044,257,1384716
Policy-0001193,1/6/2018,1/5/2021,PLAN-0002,CUST_0001205,257,1663304
Policy-0001205,1/3/2018,1/3/2019,PLAN-0002,CUST_0001028,257,1707508
Policy-00013,7/6/2018,7/6/2019,PLAN-00015,CUST_000535,424,2306560
Policy-00028,6/18/2018,6/18/2019,PLAN-00015,CUST_000212,424,2576224
Policy-00096,2/5/2018,2/5/2019,PLAN-00015,CUST_000846,424,2727168
Policy-000103,7/22/2018,7/21/2021,PLAN-00015,CUST_000136,424,2138656
Policy-000106,4/24/2018,4/24/2019,PLAN-00015,CUST_000808,424,2447328
Policy-000110,2/7/2018,2/6/2021,PLAN-00015,CUST_000858,424,2757696
Policy-000113,9/12/2018,9/12/2019,PLAN-00015,CUST_000878,424,2499904
Policy-000128,6/19/2018,6/18/2021,PLAN-00015,CUST_000929,424,2581312
Policy-000130,5/11/2018,5/11/2019,PLAN-00015,CUST_000732,424,2437152
Policy-000135,3/5/2018,3/4/2021,PLAN-00015,CUST_000186,424,2677984
Policy-000155,9/4/2018,9/3/2021,PLAN-00015,CUST_000227,424,2230240
Policy-000159,8/1/2018,7/31/2021,PLAN-00015,CUST_000384,424,2399840
Policy-000176,6/16/2018,6/16/2019,PLAN-00015,CUST_000643,424,2304864
Policy-000180,2/20/2018,2/20/2019,PLAN-00015,CUST_0001078,424,2423584
Policy-000187,1/17/2018,1/16/2021,PLAN-00015,CUST_000753,424,2849280
Policy-000271,7/26/2018,7/26/2019,PLAN-00015,CUST_000394,424,2364224
Policy-000274,2/5/2018,2/4/2021,PLAN-00015,CUST_000910,424,2674592
Policy-000303,6/23/2018,6/23/2019,PLAN-00015,CUST_000322,424,2394752
Policy-000324,8/24/2018,8/24/2019,PLAN-00015,CUST_000742,424,2092864
Policy-000364,2/16/2018,2/15/2021,PLAN-00015,CUST_0001129,424,2689856
Policy-000382,8/27/2018,8/27/2019,PLAN-00015,CUST_000975,424,2315040
Policy-000403,6/2/2018,6/2/2019,PLAN-00015,CUST_000156,424,2396448
Policy-000405,7/12/2018,7/11/2021,PLAN-00015,CUST_000825,424,2248896
Policy-000446,6/8/2018,6/7/2021,PLAN-00015,CUST_00053,424,2594880
Policy-000488,3/12/2018,3/11/2021,PLAN-00015,CUST_00086,424,2710208
Policy-000494,6/6/2018,6/5/2021,PLAN-00015,CUST_0001041,424,2406624
Policy-000511,4/20/2018,4/19/2021,PLAN-00015,CUST_000647,424,2579616
Policy-000515,9/3/2018,9/2/2021,PLAN-00015,CUST_000220,424,2292992
Policy-000527,4/3/2018,4/3/2019,PLAN-00015,CUST_0001192,424,2391360
Policy-000534,7/1/2018,7/1/2019,PLAN-00015,CUST_000989,424,2175968
Policy-000619,6/24/2018,6/23/2021,PLAN-00015,CUST_0001200,424,2316736
Policy-000643,2/6/2018,2/5/2021,PLAN-00015,CUST_000417,424,2589792
Policy-000644,6/4/2018,6/3/2021,PLAN-00015,CUST_0001212,424,2535520
Policy-000646,8/14/2018,8/14/2019,PLAN-00015,CUST_000644,424,2096256
Policy-000657,7/11/2018,7/10/2021,PLAN-00015,CUST_000899,424,2372704
Policy-000705,9/18/2018,9/17/2021,PLAN-00015,CUST_000970,424,2484640
Policy-000721,2/3/2018,2/3/2019,PLAN-00015,CUST_000534,424,2691552
Policy-000723,6/25/2018,6/24/2021,PLAN-00015,CUST_000392,424,2421888
Policy-000739,6/11/2018,6/11/2019,PLAN-00015,CUST_000447,424,2523648
Policy-000754,4/9/2018,4/9/2019,PLAN-00015,CUST_00020,424,2520256
Policy-000758,4/12/2018,4/11/2021,PLAN-00015,CUST_000802,424,2396448
Policy-000768,6/21/2018,6/21/2019,PLAN-00015,CUST_00099,424,2450720
Policy-000810,1/9/2018,1/9/2019,PLAN-00015,CUST_0001020,424,2544000
Policy-000831,9/24/2018,9/23/2021,PLAN-00015,CUST_000427,424,2255680
Policy-000843,2/14/2018,2/13/2021,PLAN-00015,CUST_000807,424,2781440
Policy-000868,2/8/2018,2/7/2021,PLAN-00015,CUST_000443,424,2545696
Policy-000884,7/28/2018,7/27/2021,PLAN-00015,CUST_00061,424,2391360
Policy-000916,6/2/2018,6/1/2021,PLAN-00015,CUST_000328,424,2666112
Policy-000929,7/25/2018,7/25/2019,PLAN-00015,CUST_000701,424,2571136
Policy-000949,5/5/2018,5/5/2019,PLAN-00015,CUST_000900,424,2715296
Policy-000953,8/7/2018,8/7/2019,PLAN-00015,CUST_000238,424,2153920
Policy-000968,3/26/2018,3/26/2019,PLAN-00015,CUST_00039,424,2337088
Policy-000971,1/8/2018,1/8/2019,PLAN-00015,CUST_000916,424,2467680
Policy-000991,3/8/2018,3/8/2019,PLAN-00015,CUST_00016,424,2672896
Policy-0001096,8/6/2018,8/5/2021,PLAN-00015,CUST_00062,424,2262464
Policy-0001144,9/19/2018,9/18/2021,PLAN-00015,CUST_000201,424,2069120
Policy-0001158,9/21/2018,9/21/2019,PLAN-00015,CUST_000114,424,2406624
Policy-0001176,4/23/2018,4/22/2021,PLAN-00015,CUST_0001036,424,2401536
Policy-0001184,9/6/2018,9/5/2021,PLAN-00015,CUST_000703,424,2281120
Policy-00014,4/15/2018,4/14/2021,PLAN-00019,CUST_000330,389,2139500
Policy-00023,4/14/2018,4/14/2019,PLAN-00019,CUST_000636,389,2204852
Policy-00024,8/1/2018,8/1/2019,PLAN-00019,CUST_000203,389,2340224
Policy-00042,1/1/2018,1/1/2019,PLAN-00019,CUST_000365,389,2659204
Policy-00064,9/23/2018,9/22/2021,PLAN-00019,CUST_000455,389,1957448
Policy-00084,7/22/2018,7/22/2019,PLAN-00019,CUST_000501,389,2337112
Policy-00094,1/23/2018,1/22/2021,PLAN-00019,CUST_0001178,389,2385348
Policy-000111,2/1/2018,1/31/2021,PLAN-00019,CUST_000274,389,2547172
Policy-000118,8/2/2018,8/2/2019,PLAN-00019,CUST_000977,389,2032136
Policy-000119,4/11/2018,4/10/2021,PLAN-00019,CUST_000490,389,2365120
Policy-000127,8/1/2018,7/31/2021,PLAN-00019,CUST_000300,389,2091264
Policy-000173,2/16/2018,2/16/2019,PLAN-00019,CUST_000153,389,2281096
Policy-000178,6/2/2018,6/1/2021,PLAN-00019,CUST_00031,389,2117716
Policy-000198,8/11/2018,8/11/2019,PLAN-00019,CUST_000141,389,2173732
Policy-000227,4/18/2018,4/18/2019,PLAN-00019,CUST_000541,389,2253088
Policy-000235,6/19/2018,6/18/2021,PLAN-00019,CUST_000446,389,2091264
Policy-000239,6/7/2018,6/7/2019,PLAN-00019,CUST_0001162,389,2282652
Policy-000282,4/12/2018,4/12/2019,PLAN-00019,CUST_000761,389,2474040
Policy-000285,2/25/2018,2/25/2019,PLAN-00019,CUST_000635,389,2344892
Policy-000288,7/9/2018,7/9/2019,PLAN-00019,CUST_000124,389,2060144
Policy-000304,6/28/2018,6/27/2021,PLAN-00019,CUST_000793,389,2067924
Policy-000308,4/13/2018,4/12/2021,PLAN-00019,CUST_000569,389,2421136
Policy-000342,5/14/2018,5/13/2021,PLAN-00019,CUST_000958,389,2106824
Policy-000393,4/6/2018,4/5/2021,PLAN-00019,CUST_000211,389,2130164
Policy-000402,4/19/2018,4/19/2019,PLAN-00019,CUST_000285,389,2276428
Policy-000404,2/23/2018,2/23/2019,PLAN-00019,CUST_0001087,389,2348004
Policy-000406,4/14/2018,4/14/2019,PLAN-00019,CUST_000289,389,2181512
Policy-000407,8/20/2018,8/20/2019,PLAN-00019,CUST_000106,389,1926328
Policy-000422,9/22/2018,9/21/2021,PLAN-00019,CUST_000113,389,2193960
Policy-000423,4/6/2018,4/5/2021,PLAN-00019,CUST_000590,389,2161284
Policy-000426,8/6/2018,8/5/2021,PLAN-00019,CUST_00075,389,2161284
Policy-000436,6/13/2018,6/12/2021,PLAN-00019,CUST_000933,389,2186180
Policy-000441,1/17/2018,1/17/2019,PLAN-00019,CUST_000886,389,2365120
Policy-000454,8/18/2018,8/18/2019,PLAN-00019,CUST_000272,389,2316884
Policy-000482,4/14/2018,4/14/2019,PLAN-00019,CUST_000475,389,2200184
Policy-000483,1/23/2018,1/22/2021,PLAN-00019,CUST_000262,389,2419580
Policy-000525,7/19/2018,7/19/2019,PLAN-00019,CUST_000679,389,2256200
Policy-000526,3/12/2018,3/12/2019,PLAN-00019,CUST_000234,389,2195516
Policy-000541,1/16/2018,1/15/2021,PLAN-00019,CUST_0001042,389,2607856
Policy-000608,5/15/2018,5/15/2019,PLAN-00019,CUST_0001081,389,2432028
Policy-000612,5/2/2018,5/2/2019,PLAN-00019,CUST_000508,389,2209520
Policy-000630,5/20/2018,5/20/2019,PLAN-00019,CUST_000536,389,2377568
Policy-000645,5/3/2018,5/2/2021,PLAN-00019,CUST_00097,389,2176844
Policy-000654,5/27/2018,5/27/2019,PLAN-00019,CUST_000333,389,2329332
Policy-000671,6/6/2018,6/5/2021,PLAN-00019,CUST_0001049,389,2049252
Policy-000676,7/17/2018,7/17/2019,PLAN-00019,CUST_000336,389,2379124
Policy-000679,1/6/2018,1/5/2021,PLAN-00019,CUST_000268,389,2296656
Policy-000689,2/19/2018,2/19/2019,PLAN-00019,CUST_000416,389,2388460
Policy-000696,1/18/2018,1/17/2021,PLAN-00019,CUST_000972,389,2576736
Policy-000700,1/23/2018,1/23/2019,PLAN-00019,CUST_0001082,389,2509828
Policy-000724,8/4/2018,8/3/2021,PLAN-00019,CUST_000527,389,2035248
Policy-000731,3/18/2018,3/18/2019,PLAN-00019,CUST_000376,389,2184624
Policy-000772,9/11/2018,9/10/2021,PLAN-00019,CUST_000579,389,2190848
Policy-000776,3/23/2018,3/22/2021,PLAN-00019,CUST_0001214,389,2265536
Policy-000813,8/13/2018,8/13/2019,PLAN-00019,CUST_000127,389,2153504
Policy-000827,9/21/2018,9/21/2019,PLAN-00019,CUST_00068,389,1929440
Policy-000852,5/9/2018,5/9/2019,PLAN-00019,CUST_000477,389,2368232
Policy-000886,1/16/2018,1/15/2021,PLAN-00019,CUST_00030,389,2593852
Policy-000948,3/13/2018,3/12/2021,PLAN-00019,CUST_000653,389,2265536
Policy-000951,5/21/2018,5/20/2021,PLAN-00019,CUST_0001097,389,2134832
Policy-000960,7/3/2018,7/2/2021,PLAN-00019,CUST_000811,389,2085040
Policy-000963,3/13/2018,3/12/2021,PLAN-00019,CUST_0001149,389,2463148
Policy-000973,6/19/2018,6/19/2019,PLAN-00019,CUST_000667,389,2358896
Policy-0001000,3/18/2018,3/17/2021,PLAN-00019,CUST_000243,389,2240640
Policy-0001013,1/10/2018,1/10/2019,PLAN-00019,CUST_000276,389,2609412
Policy-0001016,7/1/2018,6/30/2021,PLAN-00019,CUST_000551,389,2089708
Policy-0001020,3/5/2018,3/4/2021,PLAN-00019,CUST_0001138,389,2192404
Policy-0001021,3/4/2018,3/4/2019,PLAN-00019,CUST_0001161,389,2413356
Policy-0001022,6/16/2018,6/16/2019,PLAN-00019,CUST_00017,389,2310660
Policy-0001044,9/21/2018,9/21/2019,PLAN-00019,CUST_000255,389,2139500
Policy-0001059,6/25/2018,6/25/2019,PLAN-00019,CUST_000719,389,2225080
Policy-0001061,2/16/2018,2/16/2019,PLAN-00019,CUST_0001012,389,2204852
Policy-0001084,1/17/2018,1/16/2021,PLAN-00019,CUST_000244,389,2301324
Policy-0001103,3/23/2018,3/22/2021,PLAN-00019,CUST_000130,389,2486488
Policy-0001118,3/7/2018,3/6/2021,PLAN-00019,CUST_0001165,389,2175288
Policy-0001130,3/11/2018,3/11/2019,PLAN-00019,CUST_000963,389,2525388
Policy-0001182,6/7/2018,6/6/2021,PLAN-00019,CUST_0001121,389,2063256
Policy-0001186,2/13/2018,2/13/2019,PLAN-00019,CUST_000566,389,2355784
Policy-0001199,5/19/2018,5/18/2021,PLAN-00019,CUST_00024,389,2474040
Policy-00015,4/8/2018,4/7/2021,PLAN-0009,CUST_000229,476,3092096
Policy-00043,9/11/2018,9/10/2021,PLAN-0009,CUST_000873,476,2490432
Policy-00055,6/3/2018,6/3/2019,PLAN-0009,CUST_000273,476,2631328
Policy-00066,1/28/2018,1/27/2021,PLAN-0009,CUST_000461,476,2829344
Policy-00086,8/26/2018,8/26/2019,PLAN-0009,CUST_00014,476,2486624
Policy-000115,4/21/2018,4/21/2019,PLAN-0009,CUST_000448,476,2667504
Policy-000160,7/18/2018,7/18/2019,PLAN-0009,CUST_000674,476,2675120
Policy-000162,9/28/2018,9/27/2021,PLAN-0009,CUST_000712,476,2631328
Policy-000175,4/3/2018,4/2/2021,PLAN-0009,CUST_0009,476,2699872
Policy-000182,2/7/2018,2/6/2021,PLAN-0009,CUST_000411,476,2838864
Policy-000212,7/28/2018,7/27/2021,PLAN-0009,CUST_000312,476,2431408
Policy-000216,8/14/2018,8/13/2021,PLAN-0009,CUST_000387,476,2545648
Policy-000220,1/6/2018,1/5/2021,PLAN-0009,CUST_000557,476,2890272
Policy-000229,2/17/2018,2/17/2019,PLAN-0009,CUST_000836,476,3170160
Policy-000237,1/23/2018,1/22/2021,PLAN-0009,CUST_00035,476,2836960
Policy-000250,7/11/2018,7/11/2019,PLAN-0009,CUST_00074,476,2557072
Policy-000270,8/25/2018,8/24/2021,PLAN-0009,CUST_000468,476,2781744
Policy-000329,2/17/2018,2/16/2021,PLAN-0009,CUST_0001171,476,2804592
Policy-000352,2/4/2018,2/4/2019,PLAN-0009,CUST_000926,476,3025456
Policy-000362,1/26/2018,1/25/2021,PLAN-0009,CUST_000867,476,3219664
Policy-000379,7/10/2018,7/10/2019,PLAN-0009,CUST_000622,476,2717008
Policy-000424,1/27/2018,1/27/2019,PLAN-0009,CUST_000762,476,2821728
Policy-000496,7/16/2018,7/16/2019,PLAN-0009,CUST_0001057,476,2589440
Policy-000504,8/17/2018,8/16/2021,PLAN-0009,CUST_0001101,476,2538032
Policy-000521,5/11/2018,5/11/2019,PLAN-0009,CUST_0001072,476,2981664
Policy-000531,8/6/2018,8/6/2019,PLAN-0009,CUST_00012,476,2393328
Policy-000556,6/15/2018,6/15/2019,PLAN-0009,CUST_000324,476,2627520
Policy-000561,6/6/2018,6/5/2021,PLAN-0009,CUST_00067,476,2496144
Policy-000572,5/11/2018,5/11/2019,PLAN-0009,CUST_0001055,476,2861712
Policy-000616,9/4/2018,9/3/2021,PLAN-0009,CUST_000803,476,2406656
Policy-000637,6/9/2018,6/8/2021,PLAN-0009,CUST_000454,476,2749376
Policy-000647,3/23/2018,3/23/2019,PLAN-0009,CUST_000313,476,3114944
Policy-000660,1/17/2018,1/17/2019,PLAN-0009,CUST_0001040,476,3014032
Policy-000663,8/28/2018,8/27/2021,PLAN-0009,CUST_00090,476,2614192
Policy-000675,7/14/2018,7/14/2019,PLAN-0009,CUST_000995,476,2541840
Policy-000729,8/6/2018,8/6/2019,PLAN-0009,CUST_0001195,476,2644656
Policy-000735,3/8/2018,3/7/2021,PLAN-0009,CUST_000355,476,3042592
Policy-000815,7/13/2018,7/13/2019,PLAN-0009,CUST_000295,476,2652272
Policy-000836,7/12/2018,7/12/2019,PLAN-0009,CUST_0001056,476,2507568
Policy-000856,6/3/2018,6/3/2019,PLAN-0009,CUST_0001198,476,2970240
Policy-000859,8/27/2018,8/26/2021,PLAN-0009,CUST_000279,476,2659888
Policy-000866,4/8/2018,4/7/2021,PLAN-0009,CUST_000574,476,3088288
Policy-000872,5/9/2018,5/8/2021,PLAN-0009,CUST_000452,476,2690352
Policy-000874,7/10/2018,7/9/2021,PLAN-0009,CUST_000522,476,2840768
Policy-000894,8/22/2018,8/22/2019,PLAN-0009,CUST_000788,476,2385712
Policy-000912,3/18/2018,3/18/2019,PLAN-0009,CUST_000917,476,3082576
Policy-000918,2/14/2018,2/14/2019,PLAN-0009,CUST_000545,476,3010224
Policy-000931,3/15/2018,3/14/2021,PLAN-0009,CUST_000919,476,2711296
Policy-000940,3/13/2018,3/13/2019,PLAN-0009,CUST_000469,476,2776032
Policy-000988,4/2/2018,4/1/2021,PLAN-0009,CUST_000798,476,2918832
Policy-000992,3/20/2018,3/20/2019,PLAN-0009,CUST_000342,476,3116848
Policy-0001003,1/7/2018,1/6/2021,PLAN-0009,CUST_00026,476,3206336
Policy-0001005,8/1/2018,8/1/2019,PLAN-0009,CUST_00071,476,2878848
Policy-0001024,4/6/2018,4/5/2021,PLAN-0009,CUST_000484,476,3027360
Policy-0001038,3/16/2018,3/15/2021,PLAN-0009,CUST_000907,476,3145408
Policy-0001098,2/26/2018,2/25/2021,PLAN-0009,CUST_000297,476,2991184
Policy-0001102,1/20/2018,1/20/2019,PLAN-0009,CUST_0001136,476,2840768
Policy-0001111,4/10/2018,4/9/2021,PLAN-0009,CUST_00084,476,2808400
Policy-0001131,7/10/2018,7/10/2019,PLAN-0009,CUST_0001124,476,2545648
Policy-0001139,8/5/2018,8/5/2019,PLAN-0009,CUST_000233,476,2880752
Policy-0001166,6/25/2018,6/24/2021,PLAN-0009,CUST_000302,476,2783648
Policy-0001187,8/3/2018,8/2/2021,PLAN-0009,CUST_000658,476,2480912
Policy-00016,1/3/2018,1/2/2021,PLAN-00010,CUST_000565,192,1241088
Policy-00031,2/12/2018,2/11/2021,PLAN-00010,CUST_000832,192,1281024
Policy-00054,7/3/2018,7/2/2021,PLAN-00010,CUST_0001096,192,1056000
Policy-00074,3/6/2018,3/5/2021,PLAN-00010,CUST_000896,192,1241856
Policy-00087,2/24/2018,2/24/2019,PLAN-00010,CUST_000294,192,1082880
Policy-000116,3/2/2018,3/2/2019,PLAN-00010,CUST_000221,192,1234176
Policy-000121,8/21/2018,8/21/2019,PLAN-00010,CUST_000877,192,994560
Policy-000157,3/9/2018,3/9/2019,PLAN-00010,CUST_000552,192,1157376
Policy-000177,3/24/2018,3/24/2019,PLAN-00010,CUST_000661,192,1071360
Policy-000205,6/8/2018,6/7/2021,PLAN-00010,CUST_0001035,192,1054464
Policy-000211,5/26/2018,5/26/2019,PLAN-00010,CUST_000252,192,1185792
Policy-000222,4/15/2018,4/14/2021,PLAN-00010,CUST_000271,192,1136640
Policy-000242,5/19/2018,5/19/2019,PLAN-00010,CUST_0001032,192,1212672
Policy-000300,9/16/2018,9/15/2021,PLAN-00010,CUST_000561,192,934656
Policy-000316,5/8/2018,5/7/2021,PLAN-00010,CUST_000317,192,1100544
Policy-000343,5/25/2018,5/25/2019,PLAN-00010,CUST_000440,192,1064448
Policy-000345,8/26/2018,8/25/2021,PLAN-00010,CUST_000129,192,1042176
Policy-000368,8/19/2018,8/19/2019,PLAN-00010,CUST_000571,192,1151232
Policy-000383,2/5/2018,2/5/2019,PLAN-00010,CUST_000496,192,1128960
Policy-000387,7/13/2018,7/13/2019,PLAN-00010,CUST_000310,192,1124352
Policy-000427,3/2/2018,3/1/2021,PLAN-00010,CUST_000822,192,1235712
Policy-000437,5/8/2018,5/8/2019,PLAN-00010,CUST_000442,192,1080576
Policy-000445,1/28/2018,1/27/2021,PLAN-00010,CUST_0001203,192,1139712
Policy-000470,5/21/2018,5/20/2021,PLAN-00010,CUST_000681,192,1055232
Policy-000473,6/19/2018,6/19/2019,PLAN-00010,CUST_000898,192,1022976
Policy-000500,6/1/2018,5/31/2021,PLAN-00010,CUST_000226,192,1069056
Policy-000502,7/28/2018,7/27/2021,PLAN-00010,CUST_0001088,192,1022976
Policy-000508,5/19/2018,5/19/2019,PLAN-00010,CUST_000855,192,1017600
Policy-000555,2/26/2018,2/26/2019,PLAN-00010,CUST_00049,192,1271808
Policy-000609,8/12/2018,8/12/2019,PLAN-00010,CUST_000216,192,1085952
Policy-000615,7/22/2018,7/21/2021,PLAN-00010,CUST_000192,192,1093632
Policy-000632,3/6/2018,3/6/2019,PLAN-00010,CUST_000119,192,1087488
Policy-000648,4/19/2018,4/19/2019,PLAN-00010,CUST_000577,192,1059840
Policy-000667,7/1/2018,6/30/2021,PLAN-00010,CUST_000171,192,1017600
Policy-000677,6/28/2018,6/28/2019,PLAN-00010,CUST_000424,192,1097472
Policy-000681,3/27/2018,3/27/2019,PLAN-00010,CUST_000844,192,1195776
Policy-000684,5/13/2018,5/13/2019,PLAN-00010,CUST_000717,192,1125888
Policy-000693,1/23/2018,1/22/2021,PLAN-00010,CUST_0001193,192,1228032
Policy-000701,9/14/2018,9/13/2021,PLAN-00010,CUST_00085,192,1116672
Policy-000732,5/27/2018,5/26/2021,PLAN-00010,CUST_000321,192,1095936
Policy-000748,3/20/2018,3/20/2019,PLAN-00010,CUST_000493,192,1082880
Policy-000765,5/7/2018,5/7/2019,PLAN-00010,CUST_000696,192,1069056
Policy-000771,5/14/2018,5/13/2021,PLAN-00010,CUST_00057,192,1054464
Policy-000784,7/11/2018,7/11/2019,PLAN-00010,CUST_000914,192,1134336
Policy-000809,2/3/2018,2/3/2019,PLAN-00010,CUST_0001048,192,1149696
Policy-000814,7/20/2018,7/20/2019,PLAN-00010,CUST_000691,192,1052928
Policy-000819,8/12/2018,8/12/2019,PLAN-00010,CUST_0001059,192,1016832
Policy-000823,6/5/2018,6/5/2019,PLAN-00010,CUST_0001075,192,1183488
Policy-000825,6/1/2018,6/1/2019,PLAN-00010,CUST_000158,192,1069824
Policy-000934,4/24/2018,4/23/2021,PLAN-00010,CUST_000863,192,1145856
Policy-000939,2/13/2018,2/12/2021,PLAN-00010,CUST_00029,192,1201920
Policy-000967,7/20/2018,7/19/2021,PLAN-00010,CUST_000473,192,1142784
Policy-000977,7/6/2018,7/6/2019,PLAN-00010,CUST_000686,192,1061376
Policy-000989,3/19/2018,3/18/2021,PLAN-00010,CUST_000143,192,1098240
Policy-0001056,3/26/2018,3/25/2021,PLAN-00010,CUST_000688,192,1188096
Policy-0001092,1/15/2018,1/15/2019,PLAN-00010,CUST_000528,192,1111296
Policy-0001094,4/2/2018,4/2/2019,PLAN-00010,CUST_0001089,192,1248768
Policy-0001101,2/3/2018,2/3/2019,PLAN-00010,CUST_0001064,192,1134336
Policy-0001108,6/1/2018,5/31/2021,PLAN-00010,CUST_000656,192,1164288
Policy-0001113,8/5/2018,8/5/2019,PLAN-00010,CUST_0001163,192,1148160
Policy-0001145,1/11/2018,1/11/2019,PLAN-00010,CUST_0001215,192,1145088
Policy-0001151,9/18/2018,9/17/2021,PLAN-00010,CUST_0001189,192,922368
Policy-0001208,1/16/2018,1/16/2019,PLAN-00010,CUST_000801,192,1249536
Policy-0001212,6/15/2018,6/14/2021,PLAN-00010,CUST_000631,192,1070592
Policy-00017,7/10/2018,7/9/2021,PLAN-00017,CUST_000187,462,2374680
Policy-00021,6/16/2018,6/15/2021,PLAN-00017,CUST_000249,462,2426424
Policy-00049,8/13/2018,8/12/2021,PLAN-00017,CUST_000292,462,2659272
Policy-00052,6/27/2018,6/27/2019,PLAN-00017,CUST_0001175,462,2524368
Policy-00075,7/13/2018,7/13/2019,PLAN-00017,CUST_000112,462,2529912
Policy-00098,5/3/2018,5/2/2021,PLAN-00017,CUST_000581,462,2725800
Policy-000100,3/10/2018,3/10/2019,PLAN-00017,CUST_0001077,462,2990064
Policy-000139,3/10/2018,3/10/2019,PLAN-00017,CUST_000415,462,3060288
Policy-000165,7/27/2018,7/26/2021,PLAN-00017,CUST_000360,462,2570568
Policy-000193,9/6/2018,9/5/2021,PLAN-00017,CUST_000338,462,2285976
Policy-000203,1/19/2018,1/19/2019,PLAN-00017,CUST_00098,462,2698080
Policy-000207,2/28/2018,2/27/2021,PLAN-00017,CUST_000480,462,2842224
Policy-000215,4/8/2018,4/8/2019,PLAN-00017,CUST_000614,462,2701776
Policy-000257,4/14/2018,4/14/2019,PLAN-00017,CUST_000597,462,2685144
Policy-000292,8/17/2018,8/17/2019,PLAN-00017,CUST_0001184,462,2398704
Policy-000331,5/3/2018,5/2/2021,PLAN-00017,CUST_0001154,462,2740584
Policy-000333,5/21/2018,5/20/2021,PLAN-00017,CUST_0001060,462,2803416
Policy-000384,8/18/2018,8/17/2021,PLAN-00017,CUST_000277,462,2480016
Policy-000418,5/4/2018,5/3/2021,PLAN-00017,CUST_000934,462,2587200
Policy-000428,2/9/2018,2/9/2019,PLAN-00017,CUST_000624,462,3060288
Policy-000448,9/1/2018,9/1/2019,PLAN-00017,CUST_000587,462,2716560
Policy-000455,4/20/2018,4/20/2019,PLAN-00017,CUST_000492,462,2877336
Policy-000457,2/13/2018,2/12/2021,PLAN-00017,CUST_000865,462,3051048
Policy-000459,8/6/2018,8/6/2019,PLAN-00017,CUST_000839,462,2718408
Policy-000495,9/16/2018,9/16/2019,PLAN-00017,CUST_000927,462,2502192
Policy-000553,3/4/2018,3/3/2021,PLAN-00017,CUST_0001065,462,2882880
Policy-000564,3/7/2018,3/7/2019,PLAN-00017,CUST_0001084,462,2674056
Policy-000575,1/8/2018,1/7/2021,PLAN-00017,CUST_000165,462,2759064
Policy-000585,2/6/2018,2/5/2021,PLAN-00017,CUST_000287,462,2736888
Policy-000599,3/11/2018,3/10/2021,PLAN-00017,CUST_000949,462,2990064
Policy-000600,6/6/2018,6/6/2019,PLAN-00017,CUST_000103,462,2716560
Policy-000621,1/26/2018,1/26/2019,PLAN-00017,CUST_000991,462,3104640
Policy-000624,4/14/2018,4/13/2021,PLAN-00017,CUST_000340,462,2799720
Policy-000626,8/10/2018,8/10/2019,PLAN-00017,CUST_000889,462,2723952
Policy-000674,2/16/2018,2/15/2021,PLAN-00017,CUST_000134,462,2794176
Policy-000678,1/2/2018,1/2/2019,PLAN-00017,CUST_0001100,462,3095400
Policy-000719,8/26/2018,8/25/2021,PLAN-00017,CUST_000721,462,2561328
Policy-000727,3/3/2018,3/2/2021,PLAN-00017,CUST_000126,462,2600136
Policy-000762,9/6/2018,9/6/2019,PLAN-00017,CUST_0001114,462,2335872
Policy-000783,6/22/2018,6/21/2021,PLAN-00017,CUST_00082,462,2847768
Policy-000791,5/20/2018,5/20/2019,PLAN-00017,CUST_000709,462,2600136
Policy-000832,1/20/2018,1/20/2019,PLAN-00017,CUST_000639,462,3063984
Policy-000838,6/3/2018,6/2/2021,PLAN-00017,CUST_000169,462,2459688
Policy-000840,3/20/2018,3/20/2019,PLAN-00017,CUST_0001199,462,2650032
Policy-000853,7/8/2018,7/7/2021,PLAN-00017,CUST_000760,462,2808960
Policy-000855,3/9/2018,3/9/2019,PLAN-00017,CUST_000894,462,2759064
Policy-000875,3/23/2018,3/23/2019,PLAN-00017,CUST_000785,462,2686992
Policy-000892,5/10/2018,5/9/2021,PLAN-00017,CUST_000959,462,2600136
Policy-000920,8/4/2018,8/4/2019,PLAN-00017,CUST_000155,462,2435664
Policy-000944,5/23/2018,5/23/2019,PLAN-00017,CUST_000598,462,2465232
Policy-000984,1/13/2018,1/12/2021,PLAN-00017,CUST_000615,462,2973432
Policy-0001015,4/24/2018,4/23/2021,PLAN-00017,CUST_000968,462,2566872
Policy-0001030,1/15/2018,1/15/2019,PLAN-00017,CUST_000260,462,2827440
Policy-0001031,2/23/2018,2/23/2019,PLAN-00017,CUST_000464,462,2633400
Policy-0001109,1/19/2018,1/18/2021,PLAN-00017,CUST_000734,462,3147144
Policy-0001162,1/17/2018,1/17/2019,PLAN-00017,CUST_000123,462,2910600
Policy-0001180,7/4/2018,7/4/2019,PLAN-00017,CUST_0001194,462,2701776
Policy-0001185,2/6/2018,2/5/2021,PLAN-00017,CUST_000418,462,3088008
Policy-0001190,9/18/2018,9/17/2021,PLAN-00017,CUST_000298,462,2346960
Policy-0001203,9/19/2018,9/19/2019,PLAN-00017,CUST_000589,462,2276736
Policy-0001213,1/15/2018,1/14/2021,PLAN-00017,CUST_000809,462,2747976
Policy-00026,4/8/2018,4/7/2021,PLAN-00012,CUST_000632,450,2791800
Policy-00082,1/7/2018,1/6/2021,PLAN-00012,CUST_000921,450,2667600
Policy-00092,5/13/2018,5/12/2021,PLAN-00012,CUST_00059,450,2410200
Policy-000123,6/28/2018,6/28/2019,PLAN-00012,CUST_0001003,450,2638800
Policy-000144,9/4/2018,9/3/2021,PLAN-00012,CUST_000426,450,2269800
Policy-000149,5/15/2018,5/15/2019,PLAN-00012,CUST_000918,450,2498400
Policy-000247,8/19/2018,8/19/2019,PLAN-00012,CUST_000828,450,2248200
Policy-000256,8/2/2018,8/2/2019,PLAN-00012,CUST_000901,450,2248200
Policy-000260,3/15/2018,3/15/2019,PLAN-00012,CUST_000504,450,2849400
Policy-000293,1/14/2018,1/14/2019,PLAN-00012,CUST_000414,450,2719800
Policy-000298,5/21/2018,5/20/2021,PLAN-00012,CUST_000868,450,2727000
Policy-000328,9/11/2018,9/10/2021,PLAN-00012,CUST_00011,450,2341800
Policy-000338,3/24/2018,3/23/2021,PLAN-00012,CUST_0001156,450,2725200
Policy-000397,5/2/2018,5/1/2021,PLAN-00012,CUST_000470,450,2721600
Policy-000421,4/23/2018,4/22/2021,PLAN-00012,CUST_000236,450,2867400
Policy-000444,2/27/2018,2/27/2019,PLAN-00012,CUST_000981,450,2919600
Policy-000463,4/14/2018,4/13/2021,PLAN-00012,CUST_000997,450,2784600
Policy-000513,7/24/2018,7/23/2021,PLAN-00012,CUST_0001119,450,2437200
Policy-000516,9/5/2018,9/5/2019,PLAN-00012,CUST_00056,450,2406600
Policy-000548,6/4/2018,6/3/2021,PLAN-00012,CUST_000578,450,2383200
Policy-000573,3/11/2018,3/11/2019,PLAN-00012,CUST_000559,450,2862000
Policy-000586,2/20/2018,2/19/2021,PLAN-00012,CUST_000649,450,2943000
Policy-000597,8/23/2018,8/23/2019,PLAN-00012,CUST_000744,450,2289600
Policy-000607,2/28/2018,2/27/2021,PLAN-00012,CUST_000196,450,2620800
Policy-000636,6/13/2018,6/12/2021,PLAN-00012,CUST_00092,450,2489400
Policy-000650,5/12/2018,5/12/2019,PLAN-00012,CUST_000651,450,2804400
Policy-000655,7/28/2018,7/27/2021,PLAN-00012,CUST_000487,450,2269800
Policy-000668,4/14/2018,4/13/2021,PLAN-00012,CUST_0001017,450,2883600
Policy-000685,4/2/2018,4/1/2021,PLAN-00012,CUST_000799,450,2800800
Policy-000694,2/25/2018,2/24/2021,PLAN-00012,CUST_000567,450,2608200
Policy-000730,4/21/2018,4/20/2021,PLAN-00012,CUST_000749,450,2496600
Policy-000766,4/2/2018,4/1/2021,PLAN-00012,CUST_0001159,450,2509200
Policy-000770,9/21/2018,9/21/2019,PLAN-00012,CUST_0001066,450,2214000
Policy-000845,1/6/2018,1/6/2019,PLAN-00012,CUST_0001113,450,3025800
Policy-000850,9/17/2018,9/16/2021,PLAN-00012,CUST_000190,450,2577600
Policy-000858,3/24/2018,3/24/2019,PLAN-00012,CUST_000699,450,2566800
Policy-000870,7/8/2018,7/8/2019,PLAN-00012,CUST_00044,450,2386800
Policy-000871,9/16/2018,9/16/2019,PLAN-00012,CUST_000332,450,2174400
Policy-000873,9/17/2018,9/16/2021,PLAN-00012,CUST_0001051,450,2363400
Policy-000879,9/23/2018,9/23/2019,PLAN-00012,CUST_0001038,450,2550600
Policy-000906,9/6/2018,9/6/2019,PLAN-00012,CUST_000505,450,2595600
Policy-000913,9/14/2018,9/13/2021,PLAN-00012,CUST_000389,450,2282400
Policy-000923,6/10/2018,6/10/2019,PLAN-00012,CUST_000764,450,2638800
Policy-000941,5/2/2018,5/1/2021,PLAN-00012,CUST_00072,450,2703600
Policy-0001004,8/19/2018,8/19/2019,PLAN-00012,CUST_000628,450,2278800
Policy-0001007,4/26/2018,4/25/2021,PLAN-00012,CUST_000768,450,2453400
Policy-0001027,5/3/2018,5/2/2021,PLAN-00012,CUST_000350,450,2656800
Policy-0001065,5/5/2018,5/5/2019,PLAN-00012,CUST_0001217,450,2543400
Policy-0001104,4/7/2018,4/7/2019,PLAN-00012,CUST_000931,450,2548800
Policy-0001149,8/3/2018,8/2/2021,PLAN-00012,CUST_000932,450,2635200
Policy-00030,7/21/2018,7/21/2019,PLAN-0005,CUST_00054,208,1089088
Policy-00035,3/17/2018,3/16/2021,PLAN-0005,CUST_000319,208,1376128
Policy-00073,6/20/2018,6/20/2019,PLAN-0005,CUST_000817,208,1211392
Policy-00076,3/12/2018,3/12/2019,PLAN-0005,CUST_000514,208,1172288
Policy-000126,8/23/2018,8/22/2021,PLAN-0005,CUST_000619,208,1178112
Policy-000163,6/26/2018,6/25/2021,PLAN-0005,CUST_000503,208,1253824
Policy-000188,8/18/2018,8/18/2019,PLAN-0005,CUST_000826,208,1119040
Policy-000231,9/13/2018,9/12/2021,PLAN-0005,CUST_000893,208,1113216
Policy-000248,5/13/2018,5/13/2019,PLAN-0005,CUST_0001172,208,1257152
Policy-000277,5/15/2018,5/15/2019,PLAN-0005,CUST_00040,208,1107392
Policy-000307,3/7/2018,3/7/2019,PLAN-0005,CUST_000265,208,1370304
Policy-000318,2/9/2018,2/8/2021,PLAN-0005,CUST_000345,208,1187264
Policy-000332,2/2/2018,2/1/2021,PLAN-0005,CUST_00064,208,1193088
Policy-000336,2/15/2018,2/15/2019,PLAN-0005,CUST_000669,208,1358656
Policy-000350,3/21/2018,3/21/2019,PLAN-0005,CUST_0001086,208,1342848
Policy-000370,4/7/2018,4/6/2021,PLAN-0005,CUST_0001110,208,1189760
Policy-000376,8/12/2018,8/12/2019,PLAN-0005,CUST_000378,208,1234688
Policy-000401,7/2/2018,7/2/2019,PLAN-0005,CUST_00079,208,1093248
Policy-000435,2/13/2018,2/13/2019,PLAN-0005,CUST_00045,208,1181440
Policy-000562,3/4/2018,3/4/2019,PLAN-0005,CUST_000693,208,1371136
Policy-000563,1/9/2018,1/8/2021,PLAN-0005,CUST_000984,208,1317056
Policy-000582,8/26/2018,8/25/2021,PLAN-0005,CUST_000128,208,1095744
Policy-000592,4/4/2018,4/3/2021,PLAN-0005,CUST_000806,208,1354496
Policy-000738,5/19/2018,5/18/2021,PLAN-0005,CUST_000314,208,1123200
Policy-000800,1/15/2018,1/15/2019,PLAN-0005,CUST_000433,208,1293760
Policy-000844,9/18/2018,9/18/2019,PLAN-0005,CUST_000756,208,1060800
Policy-000862,4/27/2018,4/26/2021,PLAN-0005,CUST_0001146,208,1302912
Policy-000900,9/18/2018,9/18/2019,PLAN-0005,CUST_000337,208,1030848
Policy-000938,4/21/2018,4/21/2019,PLAN-0005,CUST_000695,208,1143168
Policy-000970,2/15/2018,2/14/2021,PLAN-0005,CUST_000733,208,1290432
Policy-000987,9/16/2018,9/16/2019,PLAN-0005,CUST_00096,208,1016704
Policy-000990,1/14/2018,1/14/2019,PLAN-0005,CUST_00088,208,1282112
Policy-000999,1/24/2018,1/23/2021,PLAN-0005,CUST_00036,208,1271296
Policy-0001011,3/18/2018,3/17/2021,PLAN-0005,CUST_000861,208,1252160
Policy-0001014,6/23/2018,6/23/2019,PLAN-0005,CUST_00033,208,1212224
Policy-0001026,4/21/2018,4/20/2021,PLAN-0005,CUST_0001046,208,1225536
Policy-0001042,8/27/2018,8/27/2019,PLAN-0005,CUST_000978,208,1238848
Policy-0001075,8/26/2018,8/26/2019,PLAN-0005,CUST_000904,208,1154816
Policy-0001080,7/26/2018,7/26/2019,PLAN-0005,CUST_000393,208,1149824
Policy-0001093,5/12/2018,5/12/2019,PLAN-0005,CUST_000748,208,1208064
Policy-0001107,1/20/2018,1/20/2019,PLAN-0005,CUST_000594,208,1283776
Policy-0001114,7/22/2018,7/21/2021,PLAN-0005,CUST_0001106,208,1257152
Policy-0001121,9/22/2018,9/21/2021,PLAN-0005,CUST_000553,208,1040832
Policy-0001135,6/7/2018,6/6/2021,PLAN-0005,CUST_0001157,208,1267136
Policy-0001150,7/2/2018,7/1/2021,PLAN-0005,CUST_000543,208,1142336
Policy-0001179,5/26/2018,5/25/2021,PLAN-0005,CUST_000441,208,1299584
Policy-0001210,9/13/2018,9/12/2021,PLAN-0005,CUST_000781,208,1169792
Policy-0001214,3/13/2018,3/12/2021,PLAN-0005,CUST_000819,208,1278784
Policy-0001215,3/9/2018,3/9/2019,PLAN-0005,CUST_000928,208,1379456
Policy-00032,2/28/2018,2/27/2021,PLAN-0008,CUST_0001208,159,927288
Policy-00038,9/14/2018,9/13/2021,PLAN-0008,CUST_000512,159,903756
Policy-00057,9/28/2018,9/27/2021,PLAN-0008,CUST_000671,159,772104
Policy-00085,5/11/2018,5/11/2019,PLAN-0008,CUST_000687,159,1014420
Policy-000101,8/7/2018,8/7/2019,PLAN-0008,CUST_0001170,159,912660
Policy-000107,9/2/2018,9/1/2021,PLAN-0008,CUST_000930,159,890400
Policy-000112,2/26/2018,2/26/2019,PLAN-0008,CUST_0001197,159,985164
Policy-000122,8/9/2018,8/8/2021,PLAN-0008,CUST_000183,159,842700
Policy-000147,5/9/2018,5/9/2019,PLAN-0008,CUST_000353,159,1006152
Policy-000179,6/20/2018,6/19/2021,PLAN-0008,CUST_000620,159,983256
Policy-000240,3/10/2018,3/9/2021,PLAN-0008,CUST_000163,159,1036044
Policy-000264,8/28/2018,8/27/2021,PLAN-0008,CUST_000838,159,850332
Policy-000278,7/28/2018,7/28/2019,PLAN-0008,CUST_000140,159,819168
Policy-000311,1/3/2018,1/2/2021,PLAN-0008,CUST_000902,159,1048128
Policy-000326,9/5/2018,9/5/2019,PLAN-0008,CUST_000810,159,805176
Policy-000348,7/17/2018,7/16/2021,PLAN-0008,CUST_000509,159,892308
Policy-000366,1/16/2018,1/15/2021,PLAN-0008,CUST_000224,159,997884
Policy-000367,3/8/2018,3/8/2019,PLAN-0008,CUST_00087,159,1043040
Policy-000415,7/24/2018,7/24/2019,PLAN-0008,CUST_000524,159,912024
Policy-000425,8/9/2018,8/8/2021,PLAN-0008,CUST_0001167,159,953364
Policy-000510,6/10/2018,6/10/2019,PLAN-0008,CUST_000856,159,995976
Policy-000524,2/5/2018,2/5/2019,PLAN-0008,CUST_000223,159,957816
Policy-000530,5/15/2018,5/14/2021,PLAN-0008,CUST_000523,159,959088
Policy-000559,1/7/2018,1/6/2021,PLAN-0008,CUST_000301,159,951456
Policy-000614,3/28/2018,3/27/2021,PLAN-0008,CUST_0001181,159,1029048
Policy-000656,2/9/2018,2/9/2019,PLAN-0008,CUST_000884,159,994704
Policy-000672,3/23/2018,3/22/2021,PLAN-0008,CUST_000409,159,1034136
Policy-000680,1/13/2018,1/13/2019,PLAN-0008,CUST_000791,159,1069752
Policy-000683,8/17/2018,8/16/2021,PLAN-0008,CUST_000610,159,836976
Policy-000692,5/17/2018,5/17/2019,PLAN-0008,CUST_0001132,159,957816
Policy-000726,7/11/2018,7/11/2019,PLAN-0008,CUST_0001112,159,895488
Policy-000733,4/19/2018,4/19/2019,PLAN-0008,CUST_000256,159,960996
Policy-000764,9/11/2018,9/10/2021,PLAN-0008,CUST_000607,159,782916
Policy-000781,9/6/2018,9/6/2019,PLAN-0008,CUST_000634,159,795636
Policy-000794,9/17/2018,9/16/2021,PLAN-0008,CUST_000115,159,827436
Policy-000797,6/28/2018,6/27/2021,PLAN-0008,CUST_000368,159,957180
Policy-000799,1/15/2018,1/15/2019,PLAN-0008,CUST_0001094,159,1081200
Policy-000801,2/20/2018,2/20/2019,PLAN-0008,CUST_000184,159,906936
Policy-000851,1/5/2018,1/5/2019,PLAN-0008,CUST_000923,159,973716
Policy-000860,1/3/2018,1/3/2019,PLAN-0008,CUST_000837,159,1043676
Policy-000864,4/2/2018,4/1/2021,PLAN-0008,CUST_0001143,159,1011240
Policy-000877,5/3/2018,5/3/2019,PLAN-0008,CUST_0001054,159,1002972
Policy-000917,6/25/2018,6/24/2021,PLAN-0008,CUST_000209,159,937464
Policy-000959,9/23/2018,9/23/2019,PLAN-0008,CUST_000663,159,863688
Policy-0001018,1/19/2018,1/18/2021,PLAN-0008,CUST_000935,159,1059576
Policy-0001023,6/28/2018,6/28/2019,PLAN-0008,CUST_0001033,159,873864
Policy-0001033,2/25/2018,2/24/2021,PLAN-0008,CUST_000517,159,943824
Policy-0001041,5/20/2018,5/20/2019,PLAN-0008,CUST_000770,159,902484
Policy-0001045,1/7/2018,1/7/2019,PLAN-0008,CUST_000830,159,1074204
Policy-0001063,7/22/2018,7/22/2019,PLAN-0008,CUST_000698,159,896760
Policy-0001068,9/9/2018,9/9/2019,PLAN-0008,CUST_000998,159,817260
Policy-0001097,6/3/2018,6/3/2019,PLAN-0008,CUST_0005,159,857328
Policy-0001099,8/15/2018,8/15/2019,PLAN-0008,CUST_000267,159,885948
Policy-0001120,2/2/2018,2/1/2021,PLAN-0008,CUST_000410,159,998520
Policy-0001129,8/27/2018,8/27/2019,PLAN-0008,CUST_000956,159,926652
Policy-0001148,1/11/2018,1/11/2019,PLAN-0008,CUST_00043,159,1091376
Policy-0001157,7/21/2018,7/21/2019,PLAN-0008,CUST_0001105,159,914568
Policy-0001196,5/17/2018,5/16/2021,PLAN-0008,CUST_000379,159,882768
Policy-0001218,6/15/2018,6/15/2019,PLAN-0008,CUST_0001174,159,971172
Policy-00033,3/1/2018,2/28/2021,PLAN-00016,CUST_000633,241,1586744
Policy-00039,6/19/2018,6/19/2019,PLAN-00016,CUST_000870,241,1334176
Policy-00060,6/27/2018,6/26/2021,PLAN-00016,CUST_000428,241,1483596
Policy-00063,4/21/2018,4/20/2021,PLAN-00016,CUST_000771,241,1518300
Policy-00099,8/26/2018,8/26/2019,PLAN-00016,CUST_0001158,241,1369844
Policy-000129,3/16/2018,3/16/2019,PLAN-00016,CUST_000588,241,1447928
Policy-000134,5/1/2018,5/1/2019,PLAN-00016,CUST_000540,241,1361168
Policy-000161,2/17/2018,2/16/2021,PLAN-00016,CUST_000774,241,1446000
Policy-000200,8/1/2018,8/1/2019,PLAN-00016,CUST_000254,241,1444072
Policy-000204,5/28/2018,5/27/2021,PLAN-00016,CUST_000513,241,1447928
Policy-000209,7/22/2018,7/21/2021,PLAN-00016,CUST_0001107,241,1420936
Policy-000217,1/11/2018,1/11/2019,PLAN-00016,CUST_0001173,241,1400692
Policy-000219,1/5/2018,1/4/2021,PLAN-00016,CUST_000996,241,1604096
Policy-000249,4/6/2018,4/6/2019,PLAN-00016,CUST_000532,241,1405512
Policy-000267,7/16/2018,7/15/2021,PLAN-00016,CUST_000716,241,1347672
Policy-000268,5/17/2018,5/16/2021,PLAN-00016,CUST_00032,241,1430576
Policy-000284,6/27/2018,6/26/2021,PLAN-00016,CUST_000308,241,1336104
Policy-000286,6/22/2018,6/21/2021,PLAN-00016,CUST_000890,241,1307184
Policy-000356,7/13/2018,7/13/2019,PLAN-00016,CUST_000385,241,1472028
Policy-000373,3/16/2018,3/16/2019,PLAN-00016,CUST_0001001,241,1353456
Policy-000392,8/10/2018,8/9/2021,PLAN-00016,CUST_00065,241,1322608
Policy-000398,8/18/2018,8/18/2019,PLAN-00016,CUST_000121,241,1429612
Policy-000414,1/14/2018,1/14/2019,PLAN-00016,CUST_000258,241,1579996
Policy-000456,2/24/2018,2/23/2021,PLAN-00016,CUST_0001211,241,1387196
Policy-000468,7/28/2018,7/28/2019,PLAN-00016,CUST_000398,241,1243560
Policy-000471,8/23/2018,8/22/2021,PLAN-00016,CUST_000713,241,1362132
Policy-000475,2/6/2018,2/5/2021,PLAN-00016,CUST_000358,241,1511552
Policy-000485,5/10/2018,5/10/2019,PLAN-00016,CUST_000281,241,1472028
Policy-000486,1/11/2018,1/11/2019,PLAN-00016,CUST_000546,241,1553968
Policy-000498,1/12/2018,1/12/2019,PLAN-00016,CUST_000145,241,1521192
Policy-000518,7/20/2018,7/20/2019,PLAN-00016,CUST_000257,241,1240668
Policy-000540,1/15/2018,1/15/2019,PLAN-00016,CUST_0001004,241,1638800
Policy-000566,9/17/2018,9/17/2019,PLAN-00016,CUST_000677,241,1223316
Policy-000576,5/12/2018,5/11/2021,PLAN-00016,CUST_000122,241,1492272
Policy-000577,9/9/2018,9/9/2019,PLAN-00016,CUST_0001074,241,1225244
Policy-000591,9/22/2018,9/22/2019,PLAN-00016,CUST_000278,241,1391052
Policy-000618,3/10/2018,3/10/2019,PLAN-00016,CUST_000159,241,1445036
Policy-000628,1/5/2018,1/5/2019,PLAN-00016,CUST_000435,241,1465280
Policy-000634,2/16/2018,2/16/2019,PLAN-00016,CUST_00063,241,1450820
Policy-000649,6/10/2018,6/9/2021,PLAN-00016,CUST_000602,241,1414188
Policy-000653,6/20/2018,6/20/2019,PLAN-00016,CUST_000737,241,1340924
Policy-000690,9/12/2018,9/12/2019,PLAN-00016,CUST_00037,241,1410332
Policy-000695,3/21/2018,3/20/2021,PLAN-00016,CUST_000463,241,1436360
Policy-000698,6/8/2018,6/7/2021,PLAN-00016,CUST_0001201,241,1326464
Policy-000769,8/1/2018,8/1/2019,PLAN-00016,CUST_000642,241,1352492
Policy-000773,8/3/2018,8/2/2021,PLAN-00016,CUST_000193,241,1290796
Policy-000789,4/6/2018,4/5/2021,PLAN-00016,CUST_00048,241,1319716
Policy-000792,2/25/2018,2/25/2019,PLAN-00016,CUST_000940,241,1510588
Policy-000802,9/4/2018,9/3/2021,PLAN-00016,CUST_0001007,241,1258020
Policy-000849,2/4/2018,2/3/2021,PLAN-00016,CUST_000318,241,1581924
Policy-000863,9/13/2018,9/13/2019,PLAN-00016,CUST_000245,241,1197288
Policy-000865,4/5/2018,4/4/2021,PLAN-00016,CUST_000973,241,1509624
Policy-000878,4/10/2018,4/10/2019,PLAN-00016,CUST_000105,241,1364060
Policy-000896,4/14/2018,4/14/2019,PLAN-00016,CUST_000583,241,1404548
Policy-000901,6/26/2018,6/25/2021,PLAN-00016,CUST_000412,241,1459496
Policy-000910,8/21/2018,8/21/2019,PLAN-00016,CUST_0001183,241,1344780
Policy-000911,2/13/2018,2/13/2019,PLAN-00016,CUST_000429,241,1406476
Policy-000924,6/8/2018,6/7/2021,PLAN-00016,CUST_0001011,241,1381412
Policy-000930,3/25/2018,3/24/2021,PLAN-00016,CUST_000965,241,1447928
Policy-000935,9/16/2018,9/15/2021,PLAN-00016,CUST_000218,241,1328392
Policy-000964,2/7/2018,2/6/2021,PLAN-00016,CUST_000720,241,1421900
Policy-0001029,3/2/2018,3/2/2019,PLAN-00016,CUST_0001027,241,1600240
Policy-0001032,8/1/2018,8/1/2019,PLAN-00016,CUST_000419,241,1446000
Policy-0001049,7/5/2018,7/4/2021,PLAN-00016,CUST_000747,241,1232956
Policy-0001079,2/27/2018,2/27/2019,PLAN-00016,CUST_0001045,241,1596384
Policy-0001116,1/23/2018,1/22/2021,PLAN-00016,CUST_000880,241,1617592
Policy-0001136,3/13/2018,3/12/2021,PLAN-00016,CUST_0001122,241,1342852
Policy-0001177,6/9/2018,6/9/2019,PLAN-00016,CUST_0001153,241,1276336
Policy-0001194,8/23/2018,8/22/2021,PLAN-00016,CUST_000906,241,1232956
Policy-0001201,4/27/2018,4/26/2021,PLAN-00016,CUST_000395,241,1392016
Policy-00034,2/25/2018,2/25/2019,PLAN-00014,CUST_000950,436,2593328
Policy-00067,2/4/2018,2/4/2019,PLAN-00014,CUST_000401,436,2513104
Policy-00069,5/17/2018,5/17/2019,PLAN-00014,CUST_000430,436,2657856
Policy-00089,4/27/2018,4/27/2019,PLAN-00014,CUST_0001068,436,2811328
Policy-000137,4/25/2018,4/25/2019,PLAN-00014,CUST_000626,436,2366608
Policy-000142,7/7/2018,7/6/2021,PLAN-00014,CUST_000794,436,2242784
Policy-000145,8/11/2018,8/11/2019,PLAN-00014,CUST_000724,436,2516592
Policy-000150,4/3/2018,4/3/2019,PLAN-00014,CUST_000704,436,2398000
Policy-000171,3/17/2018,3/17/2019,PLAN-00014,CUST_000805,436,2549728
Policy-000189,3/16/2018,3/15/2021,PLAN-00014,CUST_00080,436,2614256
Policy-000191,2/20/2018,2/20/2019,PLAN-00014,CUST_0001204,436,2507872
Policy-000197,8/17/2018,8/16/2021,PLAN-00014,CUST_000230,436,2155584
Policy-000199,6/3/2018,6/3/2019,PLAN-00014,CUST_000436,436,2452064
Policy-000221,8/26/2018,8/26/2019,PLAN-00014,CUST_000974,436,2136400
Policy-000224,5/12/2018,5/12/2019,PLAN-00014,CUST_000102,436,2731104
Policy-000238,7/20/2018,7/20/2019,PLAN-00014,CUST_000820,436,2523568
Policy-000241,5/12/2018,5/12/2019,PLAN-00014,CUST_000555,436,2759008
Policy-000258,7/20/2018,7/19/2021,PLAN-00014,CUST_0001025,436,2267200
Policy-000265,5/1/2018,5/1/2019,PLAN-00014,CUST_0001128,436,2432880
Policy-000287,9/26/2018,9/25/2021,PLAN-00014,CUST_00058,436,2476480
Policy-000289,4/23/2018,4/23/2019,PLAN-00014,CUST_000191,436,2574144
Policy-000295,5/23/2018,5/23/2019,PLAN-00014,CUST_000178,436,2654368
Policy-000310,5/9/2018,5/9/2019,PLAN-00014,CUST_000645,436,2525312
Policy-000347,9/1/2018,9/1/2019,PLAN-00014,CUST_000905,436,2239296
Policy-000385,4/28/2018,4/28/2019,PLAN-00014,CUST_000214,436,2467760
Policy-000394,6/26/2018,6/26/2019,PLAN-00014,CUST_000784,436,2596816
Policy-000395,2/22/2018,2/22/2019,PLAN-00014,CUST_000344,436,2642160
Policy-000413,8/14/2018,8/13/2021,PLAN-00014,CUST_000892,436,2600304
Policy-000439,4/17/2018,4/16/2021,PLAN-00014,CUST_000466,436,2643904
Policy-000467,1/1/2018,12/31/2020,PLAN-00014,CUST_0001187,436,2647392
Policy-000529,5/15/2018,5/14/2021,PLAN-00014,CUST_000994,436,2490432
Policy-000542,2/1/2018,2/1/2019,PLAN-00014,CUST_000580,436,2720640
Policy-000565,4/5/2018,4/4/2021,PLAN-00014,CUST_000874,436,2687504
Policy-000569,3/7/2018,3/6/2021,PLAN-00014,CUST_000714,436,2888064
Policy-000588,9/12/2018,9/11/2021,PLAN-00014,CUST_000708,436,2349168
Policy-000606,4/16/2018,4/16/2019,PLAN-00014,CUST_000161,436,2696224
Policy-000691,4/7/2018,4/7/2019,PLAN-00014,CUST_000792,436,2539264
Policy-000725,6/23/2018,6/23/2019,PLAN-00014,CUST_00078,436,2642160
Policy-000736,4/24/2018,4/24/2019,PLAN-00014,CUST_000697,436,2406720
Policy-000759,2/24/2018,2/24/2019,PLAN-00014,CUST_0001058,436,2752032
Policy-000777,3/27/2018,3/27/2019,PLAN-00014,CUST_000137,436,2525312
Policy-000786,2/7/2018,2/7/2019,PLAN-00014,CUST_0001080,436,2577632
Policy-000807,9/24/2018,9/24/2019,PLAN-00014,CUST_000731,436,2164304
Policy-000829,8/1/2018,8/1/2019,PLAN-00014,CUST_000197,436,2626464
Policy-000846,8/4/2018,8/3/2021,PLAN-00014,CUST_000406,436,2347424
Policy-000861,9/13/2018,9/12/2021,PLAN-00014,CUST_000343,436,2438112
Policy-000883,8/7/2018,8/6/2021,PLAN-00014,CUST_000987,436,2448576
Policy-000899,6/11/2018,6/11/2019,PLAN-00014,CUST_000351,436,2338704
Policy-000909,4/14/2018,4/13/2021,PLAN-00014,CUST_000739,436,2422416
Policy-000927,1/8/2018,1/7/2021,PLAN-00014,CUST_000397,436,2706688
Policy-000946,5/17/2018,5/16/2021,PLAN-00014,CUST_0001014,436,2656112
Policy-000961,5/25/2018,5/24/2021,PLAN-00014,CUST_000444,436,2424160
Policy-000962,8/4/2018,8/4/2019,PLAN-00014,CUST_000489,436,2335216
Policy-000965,2/16/2018,2/16/2019,PLAN-00014,CUST_000293,436,2715408
Policy-000976,3/21/2018,3/20/2021,PLAN-00014,CUST_000618,436,2837488
Policy-000995,8/11/2018,8/10/2021,PLAN-00014,CUST_000316,436,2534032
Policy-0001006,7/16/2018,7/16/2019,PLAN-00014,CUST_0001076,436,2457296
Policy-0001047,1/21/2018,1/21/2019,PLAN-00014,CUST_000135,436,2970032
Policy-0001053,5/21/2018,5/20/2021,PLAN-00014,CUST_000472,436,2549728
Policy-0001060,1/17/2018,1/17/2019,PLAN-00014,CUST_0001145,436,2609024
Policy-0001066,6/5/2018,6/4/2021,PLAN-00014,CUST_000564,436,2472992
Policy-0001071,2/4/2018,2/3/2021,PLAN-00014,CUST_000789,436,2816560
Policy-0001083,2/4/2018,2/4/2019,PLAN-00014,CUST_000222,436,2493920
Policy-0001091,5/21/2018,5/20/2021,PLAN-00014,CUST_000164,436,2441600
Policy-0001133,3/3/2018,3/2/2021,PLAN-00014,CUST_000346,436,2731104
Policy-0001152,5/15/2018,5/15/2019,PLAN-00014,CUST_000210,436,2558448
Policy-0001161,2/18/2018,2/18/2019,PLAN-00014,CUST_000780,436,2537520
Policy-00036,3/17/2018,3/17/2019,PLAN-0004,CUST_000676,188,1203952
Policy-00058,9/15/2018,9/14/2021,PLAN-0004,CUST_0001117,188,945264
Policy-00070,8/21/2018,8/21/2019,PLAN-0004,CUST_000829,188,926464
Policy-000125,1/11/2018,1/10/2021,PLAN-0004,CUST_000982,188,1234784
Policy-000133,1/27/2018,1/27/2019,PLAN-0004,CUST_000888,188,1157328
Policy-000141,3/23/2018,3/22/2021,PLAN-0004,CUST_000168,188,1227264
Policy-000156,4/25/2018,4/24/2021,PLAN-0004,CUST_00070,188,1176880
Policy-000158,6/21/2018,6/20/2021,PLAN-0004,CUST_000202,188,1100928
Policy-000170,7/18/2018,7/17/2021,PLAN-0004,CUST_000599,188,1127248
Policy-000172,3/18/2018,3/17/2021,PLAN-0004,CUST_000897,188,1236288
Policy-000190,5/22/2018,5/21/2021,PLAN-0004,CUST_000912,188,1006928
Policy-000208,9/8/2018,9/7/2021,PLAN-0004,CUST_000558,188,957296
Policy-000218,3/5/2018,3/5/2019,PLAN-0004,CUST_0001047,188,1216736
Policy-000223,1/23/2018,1/22/2021,PLAN-0004,CUST_000361,188,1155072
Policy-000253,8/14/2018,8/14/2019,PLAN-0004,CUST_000231,188,985120
Policy-000266,2/16/2018,2/16/2019,PLAN-0004,CUST_000516,188,1089648
Policy-000272,4/12/2018,4/12/2019,PLAN-0004,CUST_000367,188,1120480
Policy-000346,2/22/2018,2/21/2021,PLAN-0004,CUST_000883,188,1158832
Policy-000359,1/28/2018,1/27/2021,PLAN-0004,CUST_000405,188,1262608
Policy-000380,5/23/2018,5/23/2019,PLAN-0004,CUST_000207,188,1112960
Policy-000389,8/3/2018,8/3/2019,PLAN-0004,CUST_000705,188,953536
Policy-000429,2/12/2018,2/11/2021,PLAN-0004,CUST_000291,188,1093408
Policy-000450,2/6/2018,2/6/2019,PLAN-0004,CUST_000938,188,1143040
Policy-000478,2/11/2018,2/10/2021,PLAN-0004,CUST_000451,188,1255088
Policy-000499,9/26/2018,9/26/2019,PLAN-0004,CUST_000550,188,1082880
Policy-000501,3/12/2018,3/12/2019,PLAN-0004,CUST_00047,188,1166352
Policy-000505,3/13/2018,3/12/2021,PLAN-0004,CUST_0001090,188,1182144
Policy-000545,5/4/2018,5/3/2021,PLAN-0004,CUST_000999,188,1136272
Policy-000549,7/23/2018,7/23/2019,PLAN-0004,CUST_000925,188,1055808
Policy-000568,8/2/2018,8/1/2021,PLAN-0004,CUST_000502,188,994144
Policy-000589,5/3/2018,5/2/2021,PLAN-0004,CUST_000876,188,1149056
Policy-000642,2/20/2018,2/19/2021,PLAN-0004,CUST_000941,188,1255840
Policy-000662,7/11/2018,7/11/2019,PLAN-0004,CUST_00083,188,999408
Policy-000664,2/7/2018,2/6/2021,PLAN-0004,CUST_000875,188,1096416
Policy-000670,2/2/2018,2/2/2019,PLAN-0004,CUST_000177,188,1224256
Policy-000708,9/3/2018,9/2/2021,PLAN-0004,CUST_000814,188,1098672
Policy-000728,2/7/2018,2/7/2019,PLAN-0004,CUST_000237,188,1135520
Policy-000746,1/28/2018,1/28/2019,PLAN-0004,CUST_0001123,188,1211472
Policy-000780,9/24/2018,9/24/2019,PLAN-0004,CUST_00028,188,928720
Policy-000787,2/18/2018,2/18/2019,PLAN-0004,CUST_000354,188,1122736
Policy-000818,9/1/2018,9/1/2019,PLAN-0004,CUST_00038,188,1054304
Policy-000822,1/24/2018,1/24/2019,PLAN-0004,CUST_000198,188,1237040
Policy-000834,9/5/2018,9/4/2021,PLAN-0004,CUST_0001218,188,927968
Policy-000848,5/23/2018,5/22/2021,PLAN-0004,CUST_0001116,188,1099424
Policy-000885,6/4/2018,6/3/2021,PLAN-0004,CUST_0001142,188,1155824
Policy-000888,2/15/2018,2/14/2021,PLAN-0004,CUST_000157,188,1116720
Policy-000891,9/9/2018,9/8/2021,PLAN-0004,CUST_000533,188,1020464
Policy-000895,6/27/2018,6/26/2021,PLAN-0004,CUST_000431,188,1153568
Policy-000902,4/27/2018,4/27/2019,PLAN-0004,CUST_0001139,188,1039264
Policy-000903,8/25/2018,8/24/2021,PLAN-0004,CUST_000242,188,1000912
Policy-000936,9/19/2018,9/18/2021,PLAN-0004,CUST_000205,188,1036256
Policy-000950,4/3/2018,4/3/2019,PLAN-0004,CUST_000851,188,1062576
Policy-0001058,5/9/2018,5/9/2019,PLAN-0004,CUST_000795,188,1170112
Policy-0001081,6/26/2018,6/26/2019,PLAN-0004,CUST_000320,188,1011440
Policy-0001095,6/14/2018,6/13/2021,PLAN-0004,CUST_000506,188,1075360
Policy-0001128,9/17/2018,9/17/2019,PLAN-0004,CUST_0002,188,1080624
Policy-0001138,4/19/2018,4/18/2021,PLAN-0004,CUST_000859,188,1170112
Policy-0001141,2/24/2018,2/23/2021,PLAN-0004,CUST_0001010,188,1112960
Policy-0001142,4/19/2018,4/19/2019,PLAN-0004,CUST_000125,188,1085888
Policy-0001191,1/22/2018,1/21/2021,PLAN-0004,CUST_000665,188,1152064
Policy-0001198,2/19/2018,2/19/2019,PLAN-0004,CUST_000327,188,1185152
Policy-0001211,9/7/2018,9/7/2019,PLAN-0004,CUST_000603,188,964816
Policy-00040,7/5/2018,7/4/2021,PLAN-00011,CUST_000684,348,2090784
Policy-00047,2/5/2018,2/5/2019,PLAN-00011,CUST_000547,348,2001696
Policy-00071,6/26/2018,6/25/2021,PLAN-00011,CUST_000383,348,2136720
Policy-00072,9/1/2018,8/31/2021,PLAN-00011,CUST_000315,348,2050416
Policy-000102,8/18/2018,8/18/2019,PLAN-00011,CUST_000678,348,1795680
Policy-000185,8/25/2018,8/24/2021,PLAN-00011,CUST_000176,348,1780368
Policy-000206,3/9/2018,3/8/2021,PLAN-00011,CUST_0001026,348,2248080
Policy-000233,5/17/2018,5/17/2019,PLAN-00011,CUST_00095,348,2076864
Policy-000252,3/23/2018,3/23/2019,PLAN-00011,CUST_0001053,348,2268960
Policy-000317,5/7/2018,5/7/2019,PLAN-00011,CUST_000612,348,2158992
Policy-000335,7/13/2018,7/12/2021,PLAN-00011,CUST_0001069,348,2060160
Policy-000341,4/19/2018,4/19/2019,PLAN-00011,CUST_000449,348,1907040
Policy-000386,2/19/2018,2/18/2021,PLAN-00011,CUST_0001024,348,2143680
Policy-000400,2/8/2018,2/7/2021,PLAN-00011,CUST_0008,348,2042064
Policy-000419,8/13/2018,8/12/2021,PLAN-00011,CUST_0001039,348,1946016
Policy-000434,5/26/2018,5/25/2021,PLAN-00011,CUST_000499,348,1852752
Policy-000462,2/6/2018,2/6/2019,PLAN-00011,CUST_0001018,348,2359440
Policy-000465,4/9/2018,4/9/2019,PLAN-00011,CUST_000740,348,1946016
Policy-000484,8/27/2018,8/26/2021,PLAN-00011,CUST_0001034,348,2010048
Policy-000520,1/26/2018,1/26/2019,PLAN-00011,CUST_000725,348,2256432
Policy-000532,5/1/2018,4/30/2021,PLAN-00011,CUST_000600,348,2090784
Policy-000537,2/5/2018,2/5/2019,PLAN-00011,CUST_0001098,348,2036496
Policy-000552,5/21/2018,5/20/2021,PLAN-00011,CUST_000964,348,1965504
Policy-000558,8/26/2018,8/25/2021,PLAN-00011,CUST_000831,348,1705200
Policy-000581,1/20/2018,1/19/2021,PLAN-00011,CUST_0001,348,2345520
Policy-000595,3/8/2018,3/7/2021,PLAN-00011,CUST_000120,348,2030928
Policy-000605,5/18/2018,5/17/2021,PLAN-00011,CUST_000290,348,2046240
Policy-000613,7/27/2018,7/26/2021,PLAN-00011,CUST_0001133,348,2094960
Policy-000617,5/7/2018,5/7/2019,PLAN-00011,CUST_0001151,348,1948800
Policy-000641,1/21/2018,1/21/2019,PLAN-00011,CUST_0001037,348,2236944
Policy-000673,2/4/2018,2/4/2019,PLAN-00011,CUST_00066,348,2019792
Policy-000718,3/26/2018,3/25/2021,PLAN-00011,CUST_0001131,348,1975248
Policy-000743,7/20/2018,7/20/2019,PLAN-00011,CUST_000616,348,1791504
Policy-000755,8/9/2018,8/8/2021,PLAN-00011,CUST_0001016,348,1973856
Policy-000756,2/7/2018,2/6/2021,PLAN-00011,CUST_0001109,348,2092176
Policy-000796,8/18/2018,8/17/2021,PLAN-00011,CUST_000778,348,1947408
Policy-000816,4/26/2018,4/25/2021,PLAN-00011,CUST_000575,348,2204928
Policy-000826,3/23/2018,3/22/2021,PLAN-00011,CUST_000672,348,2096352
Policy-000839,5/21/2018,5/21/2019,PLAN-00011,CUST_000146,348,2071296
Policy-000847,6/5/2018,6/4/2021,PLAN-00011,CUST_000617,348,1996128
Policy-000881,4/19/2018,4/19/2019,PLAN-00011,CUST_000630,348,2096352
Policy-000914,8/12/2018,8/12/2019,PLAN-00011,CUST_000871,348,1753920
Policy-000933,3/2/2018,3/1/2021,PLAN-00011,CUST_000967,348,2221632
Policy-000947,9/5/2018,9/5/2019,PLAN-00011,CUST_000736,348,1881984
Policy-000956,4/28/2018,4/28/2019,PLAN-00011,CUST_000845,348,2177088
Policy-000980,5/4/2018,5/4/2019,PLAN-00011,CUST_0001213,348,2217456
Policy-0001001,9/24/2018,9/24/2019,PLAN-00011,CUST_000400,348,1991952
Policy-0001002,5/18/2018,5/17/2021,PLAN-00011,CUST_000818,348,1845792
Policy-0001017,1/18/2018,1/17/2021,PLAN-00011,CUST_000437,348,2192400
Policy-0001025,3/1/2018,2/28/2021,PLAN-00011,CUST_0001152,348,2097744
Policy-0001043,4/9/2018,4/8/2021,PLAN-00011,CUST_0001168,348,1926528
Policy-0001050,1/15/2018,1/14/2021,PLAN-00011,CUST_000773,348,2191008
Policy-0001064,4/18/2018,4/18/2019,PLAN-00011,CUST_000182,348,2246688
Policy-0001072,6/17/2018,6/16/2021,PLAN-00011,CUST_000111,348,2145072
Policy-0001074,3/17/2018,3/16/2021,PLAN-00011,CUST_000181,348,1958544
Policy-0001115,6/9/2018,6/9/2019,PLAN-00011,CUST_000913,348,2182656
Policy-0001119,1/25/2018,1/24/2021,PLAN-00011,CUST_000151,348,2211888
Policy-0001126,7/23/2018,7/22/2021,PLAN-00011,CUST_00050,348,2062944
Policy-0001127,9/17/2018,9/17/2019,PLAN-00011,CUST_000985,348,1680144
Policy-0001163,8/10/2018,8/10/2019,PLAN-00011,CUST_000150,348,2085216
Policy-0001189,8/26/2018,8/25/2021,PLAN-00011,CUST_000275,348,1929312
Policy-0001197,8/9/2018,8/8/2021,PLAN-00011,CUST_0001164,348,1883376
Policy-0001217,9/10/2018,9/9/2021,PLAN-00011,CUST_000403,348,1996128
Policy-000980,5/4/2018,5/4/2019,PLAN-00011,CUST_0001213,348,2217456
Policy-0001001,9/24/2018,9/24/2019,PLAN-00011,CUST_000400,348,1991952
Policy-0001064,4/18/2018,4/18/2019,PLAN-00011,CUST_000182,348,2246688
Policy-0001072,6/17/2018,6/16/2021,PLAN-00011,CUST_000111,348,2145072
